source,resolution,frame,qp,flips_y,flips_c,predicted_direct_sse_y,measured_sse_y,predicted_direct_sse_c,measured_sse_c,pixels_y
akiyo_cif,352x288,0,19,23,6,2783.0,3839.0,726.0,1574.0,101376
akiyo_cif,352x288,1,19,26,9,3146.0,12591.0,1089.0,5785.0,101376
akiyo_cif,352x288,2,19,27,6,3267.0,13121.0,726.0,72777.0,101376
akiyo_cif,352x288,3,19,18,8,2178.0,13371.0,968.0,2619.0,101376
akiyo_cif,352x288,4,19,26,7,3146.0,9553.0,847.0,13370.0,101376
akiyo_cif,352x288,5,19,22,12,2662.0,51477.0,1452.0,4818.0,101376
akiyo_cif,352x288,6,19,25,6,3025.0,33570.0,726.0,6843.0,101376
akiyo_cif,352x288,7,19,24,5,2904.0,6041.0,605.0,1358.0,101376
akiyo_cif,352x288,8,19,22,9,2662.0,12003.0,1089.0,45235.0,101376
akiyo_cif,352x288,9,19,21,11,2541.0,12373.0,1331.0,5713.0,101376
akiyo_cif,352x288,10,19,23,6,2783.0,28682.0,726.0,2429.0,101376
akiyo_cif,352x288,11,19,24,12,2904.0,26137.0,1452.0,71137.0,101376
akiyo_cif,352x288,12,19,16,10,1936.0,2650.0,1210.0,7548.0,101376
akiyo_cif,352x288,13,19,22,15,2662.0,45234.0,1815.0,26626.0,101376
akiyo_cif,352x288,14,19,24,12,2904.0,45613.0,1452.0,9942.0,101376
akiyo_cif,352x288,15,19,18,11,2178.0,28967.0,1331.0,34162.0,101376
akiyo_cif,352x288,16,19,26,5,3146.0,7763.0,605.0,1267.0,101376
akiyo_cif,352x288,17,19,18,11,2178.0,8322.0,1331.0,53556.0,101376
akiyo_cif,352x288,18,19,24,8,2904.0,3266.0,968.0,5496.0,101376
akiyo_cif,352x288,19,19,27,11,3267.0,7724.0,1331.0,6190.0,101376
akiyo_cif,352x288,20,19,28,8,3388.0,5976.0,968.0,2663.0,101376
akiyo_cif,352x288,21,19,26,4,3146.0,10206.0,484.0,10512.0,101376
akiyo_cif,352x288,22,19,27,13,3267.0,5421.0,1573.0,17419.0,101376
akiyo_cif,352x288,23,19,24,6,2904.0,13421.0,726.0,36727.0,101376
akiyo_cif,352x288,24,19,20,13,2420.0,12499.0,1573.0,11511.0,101376
akiyo_cif,352x288,25,19,10,5,1210.0,18541.0,605.0,5729.0,101376
akiyo_cif,352x288,26,19,0,0,0.0,0.0,0.0,0.0,101376
akiyo_cif,352x288,27,19,0,0,0.0,0.0,0.0,0.0,101376
akiyo_cif,352x288,28,19,0,0,0.0,0.0,0.0,0.0,101376
akiyo_cif,352x288,29,19,0,0,0.0,0.0,0.0,0.0,101376
akiyo_cif,640x480,0,19,29,9,3509.0,8394.0,1089.0,70892.0,307200
akiyo_cif,640x480,1,19,24,3,2904.0,23576.0,363.0,11799.0,307200
akiyo_cif,640x480,2,19,26,10,3146.0,36266.0,1210.0,129375.0,307200
akiyo_cif,640x480,3,19,28,5,3388.0,43833.0,605.0,21451.0,307200
akiyo_cif,640x480,4,19,22,7,2662.0,26723.0,847.0,150122.0,307200
akiyo_cif,640x480,5,19,23,9,2783.0,144980.0,1089.0,27147.0,307200
akiyo_cif,640x480,6,19,21,6,2541.0,31414.0,726.0,31612.0,307200
akiyo_cif,640x480,7,19,23,8,2783.0,37046.0,968.0,10035.0,307200
akiyo_cif,640x480,8,19,22,9,2662.0,50451.0,1089.0,12564.0,307200
akiyo_cif,640x480,9,19,22,7,2662.0,34251.0,847.0,6364.0,307200
akiyo_cif,640x480,10,19,30,2,3630.0,61614.0,242.0,6083.0,307200
akiyo_cif,640x480,11,19,25,6,3025.0,49416.0,726.0,19594.0,307200
akiyo_cif,640x480,12,19,22,11,2662.0,40750.0,1331.0,42458.0,307200
akiyo_cif,640x480,13,19,23,5,2783.0,123423.0,605.0,36402.0,307200
akiyo_cif,640x480,14,19,24,13,2904.0,208179.0,1573.0,44164.0,307200
akiyo_cif,640x480,15,19,33,7,3993.0,41821.0,847.0,19878.0,307200
akiyo_cif,640x480,16,19,25,6,3025.0,166551.0,726.0,62986.0,307200
akiyo_cif,640x480,17,19,21,9,2541.0,49897.0,1089.0,72712.0,307200
akiyo_cif,640x480,18,19,27,6,3267.0,10643.0,726.0,97890.0,307200
akiyo_cif,640x480,19,19,28,5,3388.0,10888.0,605.0,3342.0,307200
akiyo_cif,640x480,20,19,28,7,3388.0,27318.0,847.0,7974.0,307200
akiyo_cif,640x480,21,19,25,6,3025.0,5157.0,726.0,3722.0,307200
akiyo_cif,640x480,22,19,25,9,3025.0,16012.0,1089.0,12034.0,307200
akiyo_cif,640x480,23,19,22,10,2662.0,8827.0,1210.0,10447.0,307200
akiyo_cif,640x480,24,19,24,7,2904.0,17851.0,847.0,9797.0,307200
akiyo_cif,640x480,25,19,17,3,2057.0,7303.0,363.0,4748.0,307200
akiyo_cif,640x480,26,19,0,0,0.0,0.0,0.0,0.0,307200
akiyo_cif,640x480,27,19,0,0,0.0,0.0,0.0,0.0,307200
akiyo_cif,640x480,28,19,0,0,0.0,0.0,0.0,0.0,307200
akiyo_cif,640x480,29,19,0,0,0.0,0.0,0.0,0.0,307200
akiyo_cif,1280x960,0,19,19,4,2299.0,254051.0,484.0,3870.0,1228800
akiyo_cif,1280x960,1,19,29,8,3509.0,91102.0,968.0,58258.0,1228800
akiyo_cif,1280x960,2,19,22,8,2662.0,99746.0,968.0,16916.0,1228800
akiyo_cif,1280x960,3,19,14,10,1694.0,9144.0,1210.0,62560.0,1228800
akiyo_cif,1280x960,4,19,20,9,2420.0,28834.0,1089.0,478884.0,1228800
akiyo_cif,1280x960,5,19,20,6,2420.0,270226.0,726.0,78987.0,1228800
akiyo_cif,1280x960,6,19,22,8,2662.0,475213.0,968.0,54410.0,1228800
akiyo_cif,1280x960,7,19,24,11,2904.0,196711.0,1331.0,124812.0,1228800
akiyo_cif,1280x960,8,19,28,8,3388.0,273621.0,968.0,45603.0,1228800
akiyo_cif,1280x960,9,19,16,8,1936.0,25452.0,968.0,961668.0,1228800
akiyo_cif,1280x960,10,19,19,12,2299.0,6721.0,1452.0,128365.0,1228800
akiyo_cif,1280x960,11,19,21,8,2541.0,13240.0,968.0,150208.0,1228800
akiyo_cif,1280x960,12,19,25,5,3025.0,195149.0,605.0,109188.0,1228800
akiyo_cif,1280x960,13,19,25,7,3025.0,48028.0,847.0,198421.0,1228800
akiyo_cif,1280x960,14,19,18,10,2178.0,126683.0,1210.0,41329.0,1228800
akiyo_cif,1280x960,15,19,25,12,3025.0,170147.0,1452.0,333528.0,1228800
akiyo_cif,1280x960,16,19,24,9,2904.0,410126.0,1089.0,584593.0,1228800
akiyo_cif,1280x960,17,19,24,11,2904.0,74444.0,1331.0,59647.0,1228800
akiyo_cif,1280x960,18,19,23,6,2783.0,225590.0,726.0,4017.0,1228800
akiyo_cif,1280x960,19,19,25,8,3025.0,124542.0,968.0,96468.0,1228800
akiyo_cif,1280x960,20,19,27,6,3267.0,28672.0,726.0,17183.0,1228800
akiyo_cif,1280x960,21,19,26,7,3146.0,267415.0,847.0,83754.0,1228800
akiyo_cif,1280x960,22,19,14,6,1694.0,3071.0,726.0,25223.0,1228800
akiyo_cif,1280x960,23,19,33,3,3993.0,805805.0,363.0,165426.0,1228800
akiyo_cif,1280x960,24,19,25,1,3025.0,131940.0,121.0,2172.0,1228800
akiyo_cif,1280x960,25,19,11,6,1331.0,8888.0,726.0,81057.0,1228800
akiyo_cif,1280x960,26,19,0,0,0.0,0.0,0.0,0.0,1228800
akiyo_cif,1280x960,27,19,0,0,0.0,0.0,0.0,0.0,1228800
akiyo_cif,1280x960,28,19,0,0,0.0,0.0,0.0,0.0,1228800
akiyo_cif,1280x960,29,19,0,0,0.0,0.0,0.0,0.0,1228800
city_cif,352x288,0,19,31,6,3751.0,16271.0,726.0,100105.0,101376
city_cif,352x288,1,19,29,5,3509.0,7835.0,605.0,5145.0,101376
city_cif,352x288,2,19,31,7,3751.0,48163.0,847.0,15785.0,101376
city_cif,352x288,3,19,28,8,3388.0,34025.0,968.0,58526.0,101376
city_cif,352x288,4,19,20,9,2420.0,6379.0,1089.0,7065.0,101376
city_cif,352x288,5,19,21,12,2541.0,18768.0,1452.0,14069.0,101376
city_cif,352x288,6,19,23,9,2783.0,13483.0,1089.0,7144.0,101376
city_cif,352x288,7,19,25,8,3025.0,8365.0,968.0,1805.0,101376
city_cif,352x288,8,19,16,10,1936.0,5788.0,1210.0,13950.0,101376
city_cif,352x288,9,19,26,5,3146.0,3637.0,605.0,56362.0,101376
city_cif,352x288,10,19,23,6,2783.0,21892.0,726.0,16111.0,101376
city_cif,352x288,11,19,32,5,3872.0,5695.0,605.0,14139.0,101376
city_cif,352x288,12,19,17,8,2057.0,5603.0,968.0,1306.0,101376
city_cif,352x288,13,19,21,11,2541.0,2654.0,1331.0,21741.0,101376
city_cif,352x288,14,19,29,9,3509.0,8807.0,1089.0,14723.0,101376
city_cif,352x288,15,19,17,9,2057.0,7023.0,1089.0,6783.0,101376
city_cif,352x288,16,19,22,9,2662.0,19390.0,1089.0,8208.0,101376
city_cif,352x288,17,19,25,9,3025.0,21456.0,1089.0,14599.0,101376
city_cif,352x288,18,19,22,9,2662.0,9806.0,1089.0,13442.0,101376
city_cif,352x288,19,19,34,8,4114.0,16290.0,968.0,25708.0,101376
city_cif,352x288,20,19,26,5,3146.0,6852.0,605.0,5984.0,101376
city_cif,352x288,21,19,21,7,2541.0,4930.0,847.0,19283.0,101376
city_cif,352x288,22,19,26,5,3146.0,100008.0,605.0,8611.0,101376
city_cif,352x288,23,19,18,4,2178.0,5810.0,484.0,1916.0,101376
city_cif,352x288,24,19,22,8,2662.0,5640.0,968.0,13841.0,101376
city_cif,352x288,25,19,14,3,1694.0,2461.0,363.0,479.0,101376
city_cif,352x288,26,19,0,0,0.0,0.0,0.0,0.0,101376
city_cif,352x288,27,19,0,0,0.0,0.0,0.0,0.0,101376
city_cif,352x288,28,19,0,0,0.0,0.0,0.0,0.0,101376
city_cif,352x288,29,19,0,0,0.0,0.0,0.0,0.0,101376
city_cif,640x480,0,19,21,10,2541.0,5641.0,1210.0,45230.0,307200
city_cif,640x480,1,19,21,6,2541.0,182070.0,726.0,13018.0,307200
city_cif,640x480,2,19,22,3,2662.0,60346.0,363.0,45929.0,307200
city_cif,640x480,3,19,34,6,4114.0,67301.0,726.0,2112.0,307200
city_cif,640x480,4,19,30,6,3630.0,11175.0,726.0,39382.0,307200
city_cif,640x480,5,19,25,6,3025.0,4655.0,726.0,167881.0,307200
city_cif,640x480,6,19,28,6,3388.0,9785.0,726.0,31630.0,307200
city_cif,640x480,7,19,29,4,3509.0,14293.0,484.0,1193.0,307200
city_cif,640x480,8,19,20,11,2420.0,3719.0,1331.0,23675.0,307200
city_cif,640x480,9,19,30,9,3630.0,44816.0,1089.0,13935.0,307200
city_cif,640x480,10,19,27,5,3267.0,62618.0,605.0,133765.0,307200
city_cif,640x480,11,19,28,5,3388.0,79203.0,605.0,2611.0,307200
city_cif,640x480,12,19,23,6,2783.0,13943.0,726.0,2090.0,307200
city_cif,640x480,13,19,27,8,3267.0,97273.0,968.0,33117.0,307200
city_cif,640x480,14,19,19,7,2299.0,3658.0,847.0,27774.0,307200
city_cif,640x480,15,19,27,6,3267.0,11198.0,726.0,24229.0,307200
city_cif,640x480,16,19,28,4,3388.0,7288.0,484.0,2713.0,307200
city_cif,640x480,17,19,28,8,3388.0,29736.0,968.0,13462.0,307200
city_cif,640x480,18,19,26,5,3146.0,190106.0,605.0,640.0,307200
city_cif,640x480,19,19,31,6,3751.0,10095.0,726.0,1521.0,307200
city_cif,640x480,20,19,28,6,3388.0,67107.0,726.0,60325.0,307200
city_cif,640x480,21,19,23,3,2783.0,24425.0,363.0,1148.0,307200
city_cif,640x480,22,19,24,8,2904.0,9738.0,968.0,37095.0,307200
city_cif,640x480,23,19,27,4,3267.0,7007.0,484.0,12341.0,307200
city_cif,640x480,24,19,25,8,3025.0,10025.0,968.0,12446.0,307200
city_cif,640x480,25,19,9,10,1089.0,1553.0,1210.0,41954.0,307200
city_cif,640x480,26,19,0,0,0.0,0.0,0.0,0.0,307200
city_cif,640x480,27,19,0,0,0.0,0.0,0.0,0.0,307200
city_cif,640x480,28,19,0,0,0.0,0.0,0.0,0.0,307200
city_cif,640x480,29,19,0,0,0.0,0.0,0.0,0.0,307200
city_cif,1280x960,0,19,21,5,2541.0,184511.0,605.0,5463.0,1228800
city_cif,1280x960,1,19,28,6,3388.0,153450.0,726.0,11687.0,1228800
city_cif,1280x960,2,19,30,5,3630.0,75418.0,605.0,64834.0,1228800
city_cif,1280x960,3,19,28,3,3388.0,13310.0,363.0,14978.0,1228800
city_cif,1280x960,4,19,31,6,3751.0,149895.0,726.0,56414.0,1228800
city_cif,1280x960,5,19,18,5,2178.0,36934.0,605.0,3924.0,1228800
city_cif,1280x960,6,19,27,5,3267.0,19735.0,605.0,48584.0,1228800
city_cif,1280x960,7,19,27,2,3267.0,28446.0,242.0,304.0,1228800
city_cif,1280x960,8,19,28,6,3388.0,110148.0,726.0,12975.0,1228800
city_cif,1280x960,9,19,22,2,2662.0,16705.0,242.0,35055.0,1228800
city_cif,1280x960,10,19,29,3,3509.0,229885.0,363.0,135063.0,1228800
city_cif,1280x960,11,19,28,8,3388.0,705437.0,968.0,7922.0,1228800
city_cif,1280x960,12,19,25,2,3025.0,23079.0,242.0,51289.0,1228800
city_cif,1280x960,13,19,26,4,3146.0,7433.0,484.0,14149.0,1228800
city_cif,1280x960,14,19,25,3,3025.0,572247.0,363.0,173796.0,1228800
city_cif,1280x960,15,19,28,8,3388.0,71696.0,968.0,155736.0,1228800
city_cif,1280x960,16,19,27,7,3267.0,24942.0,847.0,72056.0,1228800
city_cif,1280x960,17,19,27,8,3267.0,141979.0,968.0,7040.0,1228800
city_cif,1280x960,18,19,32,2,3872.0,247289.0,242.0,1445.0,1228800
city_cif,1280x960,19,19,22,6,2662.0,8979.0,726.0,285881.0,1228800
city_cif,1280x960,20,19,30,6,3630.0,28384.0,726.0,157994.0,1228800
city_cif,1280x960,21,19,31,5,3751.0,210337.0,605.0,356408.0,1228800
city_cif,1280x960,22,19,37,4,4477.0,87119.0,484.0,9164.0,1228800
city_cif,1280x960,23,19,27,4,3267.0,47209.0,484.0,59285.0,1228800
city_cif,1280x960,24,19,34,1,4114.0,20740.0,121.0,8740.0,1228800
city_cif,1280x960,25,19,14,2,1694.0,13858.0,242.0,1108.0,1228800
city_cif,1280x960,26,19,0,0,0.0,0.0,0.0,0.0,1228800
city_cif,1280x960,27,19,0,0,0.0,0.0,0.0,0.0,1228800
city_cif,1280x960,28,19,0,0,0.0,0.0,0.0,0.0,1228800
city_cif,1280x960,29,19,0,0,0.0,0.0,0.0,0.0,1228800
coastguard_cif,352x288,0,19,29,3,3509.0,23516.0,363.0,4358.0,101376
coastguard_cif,352x288,1,19,32,5,3872.0,10950.0,605.0,16836.0,101376
coastguard_cif,352x288,2,19,32,3,3872.0,4841.0,363.0,921.0,101376
coastguard_cif,352x288,3,19,33,4,3993.0,13444.0,484.0,2587.0,101376
coastguard_cif,352x288,4,19,30,4,3630.0,20894.0,484.0,22027.0,101376
coastguard_cif,352x288,5,19,26,4,3146.0,18209.0,484.0,1169.0,101376
coastguard_cif,352x288,6,19,20,5,2420.0,10714.0,605.0,674.0,101376
coastguard_cif,352x288,7,19,28,5,3388.0,10637.0,605.0,11902.0,101376
coastguard_cif,352x288,8,19,27,1,3267.0,3830.0,121.0,112.0,101376
coastguard_cif,352x288,9,19,26,3,3146.0,23932.0,363.0,511.0,101376
coastguard_cif,352x288,10,19,28,2,3388.0,25040.0,242.0,747.0,101376
coastguard_cif,352x288,11,19,24,6,2904.0,3611.0,726.0,6846.0,101376
coastguard_cif,352x288,12,19,24,4,2904.0,54354.0,484.0,38520.0,101376
coastguard_cif,352x288,13,19,27,6,3267.0,42158.0,726.0,14406.0,101376
coastguard_cif,352x288,14,19,33,1,3993.0,10637.0,121.0,139.0,101376
coastguard_cif,352x288,15,19,22,3,2662.0,140633.0,363.0,500.0,101376
coastguard_cif,352x288,16,19,26,6,3146.0,8005.0,726.0,4431.0,101376
coastguard_cif,352x288,17,19,23,6,2783.0,8921.0,726.0,8262.0,101376
coastguard_cif,352x288,18,19,32,1,3872.0,13870.0,121.0,112.0,101376
coastguard_cif,352x288,19,19,25,6,3025.0,12965.0,726.0,15384.0,101376
coastguard_cif,352x288,20,19,20,4,2420.0,14191.0,484.0,8535.0,101376
coastguard_cif,352x288,21,19,27,5,3267.0,13922.0,605.0,1362.0,101376
coastguard_cif,352x288,22,19,31,2,3751.0,14897.0,242.0,1304.0,101376
coastguard_cif,352x288,23,19,26,4,3146.0,125085.0,484.0,11882.0,101376
coastguard_cif,352x288,24,19,26,4,3146.0,8221.0,484.0,1103.0,101376
coastguard_cif,352x288,25,19,16,3,1936.0,4437.0,363.0,29402.0,101376
coastguard_cif,352x288,26,19,0,0,0.0,0.0,0.0,0.0,101376
coastguard_cif,352x288,27,19,0,0,0.0,0.0,0.0,0.0,101376
coastguard_cif,352x288,28,19,0,0,0.0,0.0,0.0,0.0,101376
coastguard_cif,352x288,29,19,0,0,0.0,0.0,0.0,0.0,101376
coastguard_cif,640x480,0,19,26,5,3146.0,69157.0,605.0,7692.0,307200
coastguard_cif,640x480,1,19,28,2,3388.0,84934.0,242.0,243.0,307200
coastguard_cif,640x480,2,19,32,7,3872.0,63822.0,847.0,4272.0,307200
coastguard_cif,640x480,3,19,21,4,2541.0,12921.0,484.0,6150.0,307200
coastguard_cif,640x480,4,19,29,3,3509.0,9121.0,363.0,5660.0,307200
coastguard_cif,640x480,5,19,24,5,2904.0,6204.0,605.0,29068.0,307200
coastguard_cif,640x480,6,19,25,8,3025.0,11543.0,968.0,38618.0,307200
coastguard_cif,640x480,7,19,25,6,3025.0,63524.0,726.0,68172.0,307200
coastguard_cif,640x480,8,19,31,4,3751.0,20810.0,484.0,13117.0,307200
coastguard_cif,640x480,9,19,29,1,3509.0,27671.0,121.0,1440.0,307200
coastguard_cif,640x480,10,19,31,2,3751.0,17225.0,242.0,2704.0,307200
coastguard_cif,640x480,11,19,27,2,3267.0,19226.0,242.0,76764.0,307200
coastguard_cif,640x480,12,19,27,1,3267.0,53515.0,121.0,1008.0,307200
coastguard_cif,640x480,13,19,30,2,3630.0,56882.0,242.0,12400.0,307200
coastguard_cif,640x480,14,19,26,5,3146.0,58202.0,605.0,10586.0,307200
coastguard_cif,640x480,15,19,22,8,2662.0,37845.0,968.0,46198.0,307200
coastguard_cif,640x480,16,19,26,8,3146.0,8086.0,968.0,18295.0,307200
coastguard_cif,640x480,17,19,32,4,3872.0,21243.0,484.0,2207.0,307200
coastguard_cif,640x480,18,19,25,6,3025.0,8347.0,726.0,13198.0,307200
coastguard_cif,640x480,19,19,23,8,2783.0,113061.0,968.0,14200.0,307200
coastguard_cif,640x480,20,19,26,6,3146.0,11741.0,726.0,7006.0,307200
coastguard_cif,640x480,21,19,14,8,1694.0,9150.0,968.0,112359.0,307200
coastguard_cif,640x480,22,19,27,4,3267.0,16200.0,484.0,2877.0,307200
coastguard_cif,640x480,23,19,21,3,2541.0,5597.0,363.0,8431.0,307200
coastguard_cif,640x480,24,19,29,8,3509.0,64081.0,968.0,20764.0,307200
coastguard_cif,640x480,25,19,19,2,2299.0,35173.0,242.0,5454.0,307200
coastguard_cif,640x480,26,19,0,0,0.0,0.0,0.0,0.0,307200
coastguard_cif,640x480,27,19,0,0,0.0,0.0,0.0,0.0,307200
coastguard_cif,640x480,28,19,0,0,0.0,0.0,0.0,0.0,307200
coastguard_cif,640x480,29,19,0,0,0.0,0.0,0.0,0.0,307200
coastguard_cif,1280x960,0,19,25,3,3025.0,20818.0,363.0,831.0,1228800
coastguard_cif,1280x960,1,19,32,1,3872.0,183545.0,121.0,5774.0,1228800
coastguard_cif,1280x960,2,19,34,4,4114.0,53690.0,484.0,21540.0,1228800
coastguard_cif,1280x960,3,19,30,4,3630.0,9296.0,484.0,24180.0,1228800
coastguard_cif,1280x960,4,19,35,4,4235.0,31398.0,484.0,234003.0,1228800
coastguard_cif,1280x960,5,19,32,4,3872.0,258085.0,484.0,6842.0,1228800
coastguard_cif,1280x960,6,19,23,2,2783.0,49974.0,242.0,39120.0,1228800
coastguard_cif,1280x960,7,19,30,2,3630.0,92391.0,242.0,13680.0,1228800
coastguard_cif,1280x960,8,19,26,3,3146.0,12850.0,363.0,103511.0,1228800
coastguard_cif,1280x960,9,19,31,4,3751.0,101672.0,484.0,43310.0,1228800
coastguard_cif,1280x960,10,19,24,3,2904.0,5230.0,363.0,40580.0,1228800
coastguard_cif,1280x960,11,19,29,2,3509.0,573102.0,242.0,52906.0,1228800
coastguard_cif,1280x960,12,19,30,5,3630.0,71917.0,605.0,12122.0,1228800
coastguard_cif,1280x960,13,19,28,3,3388.0,83427.0,363.0,75939.0,1228800
coastguard_cif,1280x960,14,19,29,3,3509.0,40555.0,363.0,23443.0,1228800
coastguard_cif,1280x960,15,19,29,4,3509.0,44177.0,484.0,25688.0,1228800
coastguard_cif,1280x960,16,19,30,2,3630.0,6704.0,242.0,2825.0,1228800
coastguard_cif,1280x960,17,19,30,5,3630.0,258470.0,605.0,49511.0,1228800
coastguard_cif,1280x960,18,19,26,6,3146.0,83827.0,726.0,18959.0,1228800
coastguard_cif,1280x960,19,19,28,4,3388.0,157050.0,484.0,2542.0,1228800
coastguard_cif,1280x960,20,19,34,1,4114.0,16741.0,121.0,131.0,1228800
coastguard_cif,1280x960,21,19,34,3,4114.0,188291.0,363.0,44038.0,1228800
coastguard_cif,1280x960,22,19,36,3,4356.0,163225.0,363.0,1621.0,1228800
coastguard_cif,1280x960,23,19,23,4,2783.0,77769.0,484.0,96635.0,1228800
coastguard_cif,1280x960,24,19,29,2,3509.0,365152.0,242.0,4674.0,1228800
coastguard_cif,1280x960,25,19,17,2,2057.0,144832.0,242.0,554.0,1228800
coastguard_cif,1280x960,26,19,0,0,0.0,0.0,0.0,0.0,1228800
coastguard_cif,1280x960,27,19,0,0,0.0,0.0,0.0,0.0,1228800
coastguard_cif,1280x960,28,19,0,0,0.0,0.0,0.0,0.0,1228800
coastguard_cif,1280x960,29,19,0,0,0.0,0.0,0.0,0.0,1228800
container_cif,352x288,0,19,32,8,3872.0,5625.0,968.0,29477.0,101376
container_cif,352x288,1,19,28,4,3388.0,12542.0,484.0,6915.0,101376
container_cif,352x288,2,19,25,6,3025.0,43409.0,726.0,1279.0,101376
container_cif,352x288,3,19,28,7,3388.0,28180.0,847.0,23821.0,101376
container_cif,352x288,4,19,23,9,2783.0,61642.0,1089.0,22818.0,101376
container_cif,352x288,5,19,30,8,3630.0,52192.0,968.0,7936.0,101376
container_cif,352x288,6,19,31,3,3751.0,7992.0,363.0,332.0,101376
container_cif,352x288,7,19,26,2,3146.0,4014.0,242.0,11095.0,101376
container_cif,352x288,8,19,26,4,3146.0,9337.0,484.0,26924.0,101376
container_cif,352x288,9,19,25,6,3025.0,127786.0,726.0,13521.0,101376
container_cif,352x288,10,19,30,5,3630.0,34378.0,605.0,1999.0,101376
container_cif,352x288,11,19,26,5,3146.0,57924.0,605.0,6844.0,101376
container_cif,352x288,12,19,27,4,3267.0,23144.0,484.0,14052.0,101376
container_cif,352x288,13,19,25,6,3025.0,10301.0,726.0,8047.0,101376
container_cif,352x288,14,19,31,5,3751.0,9602.0,605.0,623.0,101376
container_cif,352x288,15,19,23,7,2783.0,10632.0,847.0,40898.0,101376
container_cif,352x288,16,19,22,7,2662.0,15727.0,847.0,61320.0,101376
container_cif,352x288,17,19,25,7,3025.0,16095.0,847.0,73470.0,101376
container_cif,352x288,18,19,26,3,3146.0,16656.0,363.0,3029.0,101376
container_cif,352x288,19,19,29,10,3509.0,16389.0,1210.0,55530.0,101376
container_cif,352x288,20,19,24,5,2904.0,4403.0,605.0,15882.0,101376
container_cif,352x288,21,19,29,7,3509.0,14039.0,847.0,1893.0,101376
container_cif,352x288,22,19,18,4,2178.0,18858.0,484.0,1800.0,101376
container_cif,352x288,23,19,26,10,3146.0,16752.0,1210.0,10454.0,101376
container_cif,352x288,24,19,21,6,2541.0,52151.0,726.0,13770.0,101376
container_cif,352x288,25,19,14,5,1694.0,2530.0,605.0,2896.0,101376
container_cif,352x288,26,19,0,0,0.0,0.0,0.0,0.0,101376
container_cif,352x288,27,19,0,0,0.0,0.0,0.0,0.0,101376
container_cif,352x288,28,19,0,0,0.0,0.0,0.0,0.0,101376
container_cif,352x288,29,19,0,0,0.0,0.0,0.0,0.0,101376
container_cif,640x480,0,19,28,6,3388.0,6144.0,726.0,20360.0,307200
container_cif,640x480,1,19,34,5,4114.0,27323.0,605.0,36514.0,307200
container_cif,640x480,2,19,29,8,3509.0,11513.0,968.0,13315.0,307200
container_cif,640x480,3,19,24,3,2904.0,96110.0,363.0,6988.0,307200
container_cif,640x480,4,19,25,6,3025.0,26533.0,726.0,19755.0,307200
container_cif,640x480,5,19,26,12,3146.0,3333.0,1452.0,27678.0,307200
container_cif,640x480,6,19,19,9,2299.0,8547.0,1089.0,23486.0,307200
container_cif,640x480,7,19,28,5,3388.0,91298.0,605.0,2778.0,307200
container_cif,640x480,8,19,32,8,3872.0,36211.0,968.0,61653.0,307200
container_cif,640x480,9,19,21,3,2541.0,28809.0,363.0,5232.0,307200
container_cif,640x480,10,19,24,7,2904.0,4562.0,847.0,151353.0,307200
container_cif,640x480,11,19,20,5,2420.0,14330.0,605.0,3357.0,307200
container_cif,640x480,12,19,28,0,3388.0,7881.0,0.0,0.0,307200
container_cif,640x480,13,19,27,4,3267.0,9842.0,484.0,1868.0,307200
container_cif,640x480,14,19,26,10,3146.0,11924.0,1210.0,13086.0,307200
container_cif,640x480,15,19,25,5,3025.0,4954.0,605.0,2124.0,307200
container_cif,640x480,16,19,19,7,2299.0,12001.0,847.0,4571.0,307200
container_cif,640x480,17,19,25,6,3025.0,6987.0,726.0,2323.0,307200
container_cif,640x480,18,19,25,9,3025.0,18668.0,1089.0,74707.0,307200
container_cif,640x480,19,19,27,5,3267.0,18976.0,605.0,3542.0,307200
container_cif,640x480,20,19,20,6,2420.0,2945.0,726.0,9102.0,307200
container_cif,640x480,21,19,17,2,2057.0,790083.0,242.0,56258.0,307200
container_cif,640x480,22,19,29,5,3509.0,4674.0,605.0,8874.0,307200
container_cif,640x480,23,19,31,4,3751.0,96930.0,484.0,740.0,307200
container_cif,640x480,24,19,34,2,4114.0,16887.0,242.0,236.0,307200
container_cif,640x480,25,19,16,2,1936.0,25116.0,242.0,1568.0,307200
container_cif,640x480,26,19,0,0,0.0,0.0,0.0,0.0,307200
container_cif,640x480,27,19,0,0,0.0,0.0,0.0,0.0,307200
container_cif,640x480,28,19,0,0,0.0,0.0,0.0,0.0,307200
container_cif,640x480,29,19,0,0,0.0,0.0,0.0,0.0,307200
container_cif,1280x960,0,19,25,6,3025.0,16696.0,726.0,9193.0,1228800
container_cif,1280x960,1,19,22,11,2662.0,43051.0,1331.0,9877.0,1228800
container_cif,1280x960,2,19,21,9,2541.0,46808.0,1089.0,22230.0,1228800
container_cif,1280x960,3,19,25,5,3025.0,249093.0,605.0,235425.0,1228800
container_cif,1280x960,4,19,26,5,3146.0,1111216.0,605.0,100625.0,1228800
container_cif,1280x960,5,19,24,8,2904.0,13340.0,968.0,11199.0,1228800
container_cif,1280x960,6,19,22,7,2662.0,15035.0,847.0,17958.0,1228800
container_cif,1280x960,7,19,30,2,3630.0,32329.0,242.0,20291.0,1228800
container_cif,1280x960,8,19,22,6,2662.0,33734.0,726.0,6085.0,1228800
container_cif,1280x960,9,19,22,9,2662.0,267178.0,1089.0,41866.0,1228800
container_cif,1280x960,10,19,26,5,3146.0,1772366.0,605.0,2387.0,1228800
container_cif,1280x960,11,19,24,6,2904.0,148165.0,726.0,2499.0,1228800
container_cif,1280x960,12,19,28,5,3388.0,60589.0,605.0,1058033.0,1228800
container_cif,1280x960,13,19,29,2,3509.0,34212.0,242.0,885.0,1228800
container_cif,1280x960,14,19,19,12,2299.0,5682.0,1452.0,151551.0,1228800
container_cif,1280x960,15,19,24,4,2904.0,9704.0,484.0,1850.0,1228800
container_cif,1280x960,16,19,26,9,3146.0,53123.0,1089.0,254845.0,1228800
container_cif,1280x960,17,19,28,6,3388.0,39861.0,726.0,81020.0,1228800
container_cif,1280x960,18,19,27,7,3267.0,46162.0,847.0,151591.0,1228800
container_cif,1280x960,19,19,32,3,3872.0,325675.0,363.0,440.0,1228800
container_cif,1280x960,20,19,21,7,2541.0,80257.0,847.0,203387.0,1228800
container_cif,1280x960,21,19,27,4,3267.0,10417.0,484.0,10684.0,1228800
container_cif,1280x960,22,19,22,12,2662.0,7392.0,1452.0,128268.0,1228800
container_cif,1280x960,23,19,27,5,3267.0,6152.0,605.0,7216.0,1228800
container_cif,1280x960,24,19,30,4,3630.0,280863.0,484.0,7735.0,1228800
container_cif,1280x960,25,19,13,4,1573.0,13440.0,484.0,24981.0,1228800
container_cif,1280x960,26,19,0,0,0.0,0.0,0.0,0.0,1228800
container_cif,1280x960,27,19,0,0,0.0,0.0,0.0,0.0,1228800
container_cif,1280x960,28,19,0,0,0.0,0.0,0.0,0.0,1228800
container_cif,1280x960,29,19,0,0,0.0,0.0,0.0,0.0,1228800
deadline_cif,352x288,0,19,19,12,2299.0,5916.0,1452.0,22455.0,101376
deadline_cif,352x288,1,19,20,12,2420.0,3236.0,1452.0,8251.0,101376
deadline_cif,352x288,2,19,29,9,3509.0,10927.0,1089.0,9934.0,101376
deadline_cif,352x288,3,19,21,8,2541.0,11041.0,968.0,7831.0,101376
deadline_cif,352x288,4,19,29,7,3509.0,89318.0,847.0,17497.0,101376
deadline_cif,352x288,5,19,26,10,3146.0,12020.0,1210.0,81762.0,101376
deadline_cif,352x288,6,19,21,5,2541.0,9977.0,605.0,48201.0,101376
deadline_cif,352x288,7,19,23,12,2783.0,13078.0,1452.0,4229.0,101376
deadline_cif,352x288,8,19,23,8,2783.0,8216.0,968.0,7433.0,101376
deadline_cif,352x288,9,19,24,6,2904.0,21960.0,726.0,6509.0,101376
deadline_cif,352x288,10,19,23,8,2783.0,27373.0,968.0,6444.0,101376
deadline_cif,352x288,11,19,19,12,2299.0,3929.0,1452.0,28699.0,101376
deadline_cif,352x288,12,19,22,11,2662.0,6748.0,1331.0,17590.0,101376
deadline_cif,352x288,13,19,22,12,2662.0,24369.0,1452.0,11104.0,101376
deadline_cif,352x288,14,19,26,10,3146.0,7461.0,1210.0,17230.0,101376
deadline_cif,352x288,15,19,19,15,2299.0,17112.0,1815.0,6688.0,101376
deadline_cif,352x288,16,19,23,11,2783.0,53905.0,1331.0,60183.0,101376
deadline_cif,352x288,17,19,17,10,2057.0,76720.0,1210.0,96529.0,101376
deadline_cif,352x288,18,19,18,12,2178.0,84818.0,1452.0,20579.0,101376
deadline_cif,352x288,19,19,23,10,2783.0,50578.0,1210.0,9386.0,101376
deadline_cif,352x288,20,19,26,8,3146.0,8750.0,968.0,16195.0,101376
deadline_cif,352x288,21,19,22,9,2662.0,30327.0,1089.0,9792.0,101376
deadline_cif,352x288,22,19,20,9,2420.0,33573.0,1089.0,9491.0,101376
deadline_cif,352x288,23,19,27,11,3267.0,6072.0,1331.0,5952.0,101376
deadline_cif,352x288,24,19,20,9,2420.0,7260.0,1089.0,13524.0,101376
deadline_cif,352x288,25,19,11,4,1331.0,1494.0,484.0,2012.0,101376
deadline_cif,352x288,26,19,0,0,0.0,0.0,0.0,0.0,101376
deadline_cif,352x288,27,19,0,0,0.0,0.0,0.0,0.0,101376
deadline_cif,352x288,28,19,0,0,0.0,0.0,0.0,0.0,101376
deadline_cif,352x288,29,19,0,0,0.0,0.0,0.0,0.0,101376
deadline_cif,640x480,0,19,24,8,2904.0,20176.0,968.0,11269.0,307200
deadline_cif,640x480,1,19,26,7,3146.0,11518.0,847.0,1485.0,307200
deadline_cif,640x480,2,19,28,14,3388.0,12893.0,1694.0,85553.0,307200
deadline_cif,640x480,3,19,24,6,2904.0,10879.0,726.0,12028.0,307200
deadline_cif,640x480,4,19,20,6,2420.0,51097.0,726.0,14437.0,307200
deadline_cif,640x480,5,19,31,13,3751.0,21812.0,1573.0,18655.0,307200
deadline_cif,640x480,6,19,23,9,2783.0,21588.0,1089.0,219077.0,307200
deadline_cif,640x480,7,19,16,12,1936.0,2879.0,1452.0,22522.0,307200
deadline_cif,640x480,8,19,21,14,2541.0,42269.0,1694.0,74478.0,307200
deadline_cif,640x480,9,19,26,7,3146.0,713522.0,847.0,38662.0,307200
deadline_cif,640x480,10,19,19,12,2299.0,17267.0,1452.0,13630.0,307200
deadline_cif,640x480,11,19,23,9,2783.0,7336.0,1089.0,48943.0,307200
deadline_cif,640x480,12,19,31,9,3751.0,220108.0,1089.0,17941.0,307200
deadline_cif,640x480,13,19,25,7,3025.0,30293.0,847.0,1757.0,307200
deadline_cif,640x480,14,19,31,6,3751.0,107382.0,726.0,23468.0,307200
deadline_cif,640x480,15,19,22,8,2662.0,18645.0,968.0,24137.0,307200
deadline_cif,640x480,16,19,19,13,2299.0,5773.0,1573.0,11594.0,307200
deadline_cif,640x480,17,19,29,7,3509.0,8994.0,847.0,1160.0,307200
deadline_cif,640x480,18,19,24,7,2904.0,10169.0,847.0,13071.0,307200
deadline_cif,640x480,19,19,24,9,2904.0,48486.0,1089.0,14063.0,307200
deadline_cif,640x480,20,19,25,7,3025.0,34312.0,847.0,9259.0,307200
deadline_cif,640x480,21,19,28,7,3388.0,8680.0,847.0,19203.0,307200
deadline_cif,640x480,22,19,25,7,3025.0,5619.0,847.0,30170.0,307200
deadline_cif,640x480,23,19,25,11,3025.0,36537.0,1331.0,178489.0,307200
deadline_cif,640x480,24,19,18,8,2178.0,5918.0,968.0,17545.0,307200
deadline_cif,640x480,25,19,11,5,1331.0,2593.0,605.0,18986.0,307200
deadline_cif,640x480,26,19,0,0,0.0,0.0,0.0,0.0,307200
deadline_cif,640x480,27,19,0,0,0.0,0.0,0.0,0.0,307200
deadline_cif,640x480,28,19,0,0,0.0,0.0,0.0,0.0,307200
deadline_cif,640x480,29,19,0,0,0.0,0.0,0.0,0.0,307200
deadline_cif,1280x960,0,19,25,5,3025.0,2117308.0,605.0,80972.0,1228800
deadline_cif,1280x960,1,19,28,9,3388.0,18092.0,1089.0,128587.0,1228800
deadline_cif,1280x960,2,19,28,8,3388.0,31847.0,968.0,545429.0,1228800
deadline_cif,1280x960,3,19,18,11,2178.0,4727.0,1331.0,22092.0,1228800
deadline_cif,1280x960,4,19,23,7,2783.0,14105.0,847.0,7724.0,1228800
deadline_cif,1280x960,5,19,22,8,2662.0,331417.0,968.0,112183.0,1228800
deadline_cif,1280x960,6,19,17,8,2057.0,103618.0,968.0,414654.0,1228800
deadline_cif,1280x960,7,19,21,9,2541.0,163647.0,1089.0,59279.0,1228800
deadline_cif,1280x960,8,19,23,6,2783.0,210048.0,726.0,14590.0,1228800
deadline_cif,1280x960,9,19,20,8,2420.0,131526.0,968.0,53978.0,1228800
deadline_cif,1280x960,10,19,24,4,2904.0,27548.0,484.0,12201.0,1228800
deadline_cif,1280x960,11,19,24,7,2904.0,76112.0,847.0,26873.0,1228800
deadline_cif,1280x960,12,19,29,5,3509.0,287030.0,605.0,3712.0,1228800
deadline_cif,1280x960,13,19,26,6,3146.0,232346.0,726.0,5776.0,1228800
deadline_cif,1280x960,14,19,28,5,3388.0,53042.0,605.0,23574.0,1228800
deadline_cif,1280x960,15,19,29,9,3509.0,365002.0,1089.0,103458.0,1228800
deadline_cif,1280x960,16,19,27,5,3267.0,116866.0,605.0,189491.0,1228800
deadline_cif,1280x960,17,19,23,5,2783.0,22949.0,605.0,4946.0,1228800
deadline_cif,1280x960,18,19,21,12,2541.0,2445486.0,1452.0,72859.0,1228800
deadline_cif,1280x960,19,19,23,13,2783.0,125260.0,1573.0,80101.0,1228800
deadline_cif,1280x960,20,19,25,11,3025.0,14039.0,1331.0,54905.0,1228800
deadline_cif,1280x960,21,19,32,7,3872.0,8153.0,847.0,74477.0,1228800
deadline_cif,1280x960,22,19,25,10,3025.0,259586.0,1210.0,74127.0,1228800
deadline_cif,1280x960,23,19,18,8,2178.0,229527.0,968.0,49137.0,1228800
deadline_cif,1280x960,24,19,18,7,2178.0,11888.0,847.0,36382.0,1228800
deadline_cif,1280x960,25,19,13,3,1573.0,7775.0,363.0,22480.0,1228800
deadline_cif,1280x960,26,19,0,0,0.0,0.0,0.0,0.0,1228800
deadline_cif,1280x960,27,19,0,0,0.0,0.0,0.0,0.0,1228800
deadline_cif,1280x960,28,19,0,0,0.0,0.0,0.0,0.0,1228800
deadline_cif,1280x960,29,19,0,0,0.0,0.0,0.0,0.0,1228800
football_cif,352x288,0,19,21,9,2541.0,19502.0,1089.0,3354.0,101376
football_cif,352x288,1,19,25,10,3025.0,4596.0,1210.0,17659.0,101376
football_cif,352x288,2,19,23,8,2783.0,3092.0,968.0,33696.0,101376
football_cif,352x288,3,19,26,6,3146.0,93176.0,726.0,3244.0,101376
football_cif,352x288,4,19,21,6,2541.0,8649.0,726.0,1830.0,101376
football_cif,352x288,5,19,20,14,2420.0,26836.0,1694.0,10194.0,101376
football_cif,352x288,6,19,24,10,2904.0,13799.0,1210.0,4670.0,101376
football_cif,352x288,7,19,23,12,2783.0,5372.0,1452.0,90802.0,101376
football_cif,352x288,8,19,23,5,2783.0,4104.0,605.0,3900.0,101376
football_cif,352x288,9,19,27,12,3267.0,9108.0,1452.0,3677.0,101376
football_cif,352x288,10,19,22,8,2662.0,4420.0,968.0,14421.0,101376
football_cif,352x288,11,19,26,8,3146.0,13425.0,968.0,12478.0,101376
football_cif,352x288,12,19,23,6,2783.0,5062.0,726.0,10838.0,101376
football_cif,352x288,13,19,26,6,3146.0,3310.0,726.0,27264.0,101376
football_cif,352x288,14,19,29,8,3509.0,25820.0,968.0,5613.0,101376
football_cif,352x288,15,19,19,13,2299.0,7812.0,1573.0,41671.0,101376
football_cif,352x288,16,19,23,8,2783.0,5937.0,968.0,7003.0,101376
football_cif,352x288,17,19,21,9,2541.0,9813.0,1089.0,5443.0,101376
football_cif,352x288,18,19,21,10,2541.0,3280.0,1210.0,5743.0,101376
football_cif,352x288,19,19,27,8,3267.0,37049.0,968.0,9964.0,101376
football_cif,352x288,20,19,19,7,2299.0,2486.0,847.0,3320.0,101376
football_cif,352x288,21,19,31,5,3751.0,83655.0,605.0,5571.0,101376
football_cif,352x288,22,19,23,6,2783.0,34180.0,726.0,1998.0,101376
football_cif,352x288,23,19,26,10,3146.0,5157.0,1210.0,30483.0,101376
football_cif,352x288,24,19,25,8,3025.0,6040.0,968.0,6025.0,101376
football_cif,352x288,25,19,10,5,1210.0,1207.0,605.0,600.0,101376
football_cif,352x288,26,19,0,0,0.0,0.0,0.0,0.0,101376
football_cif,352x288,27,19,0,0,0.0,0.0,0.0,0.0,101376
football_cif,352x288,28,19,0,0,0.0,0.0,0.0,0.0,101376
football_cif,352x288,29,19,0,0,0.0,0.0,0.0,0.0,101376
football_cif,640x480,0,19,26,8,3146.0,43911.0,968.0,52163.0,307200
football_cif,640x480,1,19,22,9,2662.0,36218.0,1089.0,50217.0,307200
football_cif,640x480,2,19,24,10,2904.0,55245.0,1210.0,5612.0,307200
football_cif,640x480,3,19,28,8,3388.0,22656.0,968.0,10148.0,307200
football_cif,640x480,4,19,29,5,3509.0,62435.0,605.0,1738.0,307200
football_cif,640x480,5,19,28,9,3388.0,4231.0,1089.0,5803.0,307200
football_cif,640x480,6,19,26,7,3146.0,36899.0,847.0,21873.0,307200
football_cif,640x480,7,19,26,2,3146.0,34479.0,242.0,290.0,307200
football_cif,640x480,8,19,18,13,2178.0,13108.0,1573.0,98753.0,307200
football_cif,640x480,9,19,20,11,2420.0,14885.0,1331.0,53196.0,307200
football_cif,640x480,10,19,23,13,2783.0,6341.0,1573.0,40096.0,307200
football_cif,640x480,11,19,27,6,3267.0,17704.0,726.0,1065.0,307200
football_cif,640x480,12,19,24,2,2904.0,3189.0,242.0,232.0,307200
football_cif,640x480,13,19,28,6,3388.0,62417.0,726.0,935.0,307200
football_cif,640x480,14,19,23,11,2783.0,12720.0,1331.0,36960.0,307200
football_cif,640x480,15,19,26,6,3146.0,23946.0,726.0,11488.0,307200
football_cif,640x480,16,19,23,6,2783.0,79318.0,726.0,81505.0,307200
football_cif,640x480,17,19,19,9,2299.0,27289.0,1089.0,132947.0,307200
football_cif,640x480,18,19,27,6,3267.0,10552.0,726.0,3005.0,307200
football_cif,640x480,19,19,25,8,3025.0,15577.0,968.0,10931.0,307200
football_cif,640x480,20,19,30,5,3630.0,126649.0,605.0,14137.0,307200
football_cif,640x480,21,19,23,10,2783.0,41947.0,1210.0,14208.0,307200
football_cif,640x480,22,19,18,9,2178.0,196260.0,1089.0,45883.0,307200
football_cif,640x480,23,19,24,5,2904.0,6457.0,605.0,16285.0,307200
football_cif,640x480,24,19,17,6,2057.0,14265.0,726.0,2734.0,307200
football_cif,640x480,25,19,11,5,1331.0,57739.0,605.0,9135.0,307200
football_cif,640x480,26,19,0,0,0.0,0.0,0.0,0.0,307200
football_cif,640x480,27,19,0,0,0.0,0.0,0.0,0.0,307200
football_cif,640x480,28,19,0,0,0.0,0.0,0.0,0.0,307200
football_cif,640x480,29,19,0,0,0.0,0.0,0.0,0.0,307200
football_cif,1280x960,0,19,30,4,3630.0,8113.0,484.0,5176.0,1228800
football_cif,1280x960,1,19,20,8,2420.0,22620.0,968.0,80594.0,1228800
football_cif,1280x960,2,19,32,4,3872.0,107610.0,484.0,69716.0,1228800
football_cif,1280x960,3,19,18,7,2178.0,14096.0,847.0,3875.0,1228800
football_cif,1280x960,4,19,28,5,3388.0,10225.0,605.0,46871.0,1228800
football_cif,1280x960,5,19,21,8,2541.0,10560.0,968.0,75789.0,1228800
football_cif,1280x960,6,19,27,6,3267.0,35792.0,726.0,90006.0,1228800
football_cif,1280x960,7,19,27,8,3267.0,221180.0,968.0,29191.0,1228800
football_cif,1280x960,8,19,27,7,3267.0,117838.0,847.0,11650.0,1228800
football_cif,1280x960,9,19,27,9,3267.0,11069.0,1089.0,9541.0,1228800
football_cif,1280x960,10,19,25,7,3025.0,119547.0,847.0,113490.0,1228800
football_cif,1280x960,11,19,18,10,2178.0,169103.0,1210.0,373219.0,1228800
football_cif,1280x960,12,19,22,11,2662.0,41254.0,1331.0,156000.0,1228800
football_cif,1280x960,13,19,18,10,2178.0,33535.0,1210.0,63910.0,1228800
football_cif,1280x960,14,19,27,6,3267.0,98599.0,726.0,113160.0,1228800
football_cif,1280x960,15,19,24,4,2904.0,13719.0,484.0,19638.0,1228800
football_cif,1280x960,16,19,28,10,3388.0,15578.0,1210.0,7890.0,1228800
football_cif,1280x960,17,19,30,5,3630.0,50458.0,605.0,81287.0,1228800
football_cif,1280x960,18,19,29,2,3509.0,32937.0,242.0,14991.0,1228800
football_cif,1280x960,19,19,28,7,3388.0,6600.0,847.0,31137.0,1228800
football_cif,1280x960,20,19,26,1,3146.0,7758.0,121.0,104.0,1228800
football_cif,1280x960,21,19,25,12,3025.0,525687.0,1452.0,17857.0,1228800
football_cif,1280x960,22,19,24,6,2904.0,258892.0,726.0,72978.0,1228800
football_cif,1280x960,23,19,25,6,3025.0,79412.0,726.0,60534.0,1228800
football_cif,1280x960,24,19,20,7,2420.0,116358.0,847.0,39631.0,1228800
football_cif,1280x960,25,19,10,3,1210.0,99454.0,363.0,56471.0,1228800
football_cif,1280x960,26,19,0,0,0.0,0.0,0.0,0.0,1228800
football_cif,1280x960,27,19,0,0,0.0,0.0,0.0,0.0,1228800
football_cif,1280x960,28,19,0,0,0.0,0.0,0.0,0.0,1228800
football_cif,1280x960,29,19,0,0,0.0,0.0,0.0,0.0,1228800
foreman_cif,352x288,0,19,15,15,1815.0,9283.0,1815.0,89633.0,101376
foreman_cif,352x288,1,19,13,12,1573.0,2952.0,1452.0,133722.0,101376
foreman_cif,352x288,2,19,15,19,1815.0,3489.0,2299.0,19219.0,101376
foreman_cif,352x288,3,19,19,11,2299.0,65821.0,1331.0,11156.0,101376
foreman_cif,352x288,4,19,14,12,1694.0,5462.0,1452.0,4755.0,101376
foreman_cif,352x288,5,19,16,18,1936.0,5026.0,2178.0,8089.0,101376
foreman_cif,352x288,6,19,14,17,1694.0,1986.0,2057.0,6933.0,101376
foreman_cif,352x288,7,19,14,14,1694.0,4407.0,1694.0,10699.0,101376
foreman_cif,352x288,8,19,20,9,2420.0,4957.0,1089.0,33199.0,101376
foreman_cif,352x288,9,19,21,13,2541.0,5567.0,1573.0,22135.0,101376
foreman_cif,352x288,10,19,12,15,1452.0,7694.0,1815.0,10982.0,101376
foreman_cif,352x288,11,19,15,16,1815.0,3844.0,1936.0,16357.0,101376
foreman_cif,352x288,12,19,21,10,2541.0,7298.0,1210.0,5208.0,101376
foreman_cif,352x288,13,19,24,12,2904.0,14093.0,1452.0,19344.0,101376
foreman_cif,352x288,14,19,13,13,1573.0,1941.0,1573.0,7539.0,101376
foreman_cif,352x288,15,19,18,12,2178.0,2266.0,1452.0,5000.0,101376
foreman_cif,352x288,16,19,21,16,2541.0,9059.0,1936.0,6245.0,101376
foreman_cif,352x288,17,19,21,15,2541.0,6833.0,1815.0,9699.0,101376
foreman_cif,352x288,18,19,15,11,1815.0,2334.0,1331.0,14036.0,101376
foreman_cif,352x288,19,19,15,13,1815.0,8221.0,1573.0,17469.0,101376
foreman_cif,352x288,20,19,23,11,2783.0,10231.0,1331.0,9454.0,101376
foreman_cif,352x288,21,19,11,13,1331.0,124125.0,1573.0,15105.0,101376
foreman_cif,352x288,22,19,25,9,3025.0,36281.0,1089.0,1395.0,101376
foreman_cif,352x288,23,19,24,12,2904.0,14589.0,1452.0,8316.0,101376
foreman_cif,352x288,24,19,18,12,2178.0,5089.0,1452.0,5660.0,101376
foreman_cif,352x288,25,19,8,5,968.0,6268.0,605.0,1803.0,101376
foreman_cif,352x288,26,19,0,0,0.0,0.0,0.0,0.0,101376
foreman_cif,352x288,27,19,0,0,0.0,0.0,0.0,0.0,101376
foreman_cif,352x288,28,19,0,0,0.0,0.0,0.0,0.0,101376
foreman_cif,352x288,29,19,0,0,0.0,0.0,0.0,0.0,101376
foreman_cif,640x480,0,19,20,12,2420.0,38926.0,1452.0,11044.0,307200
foreman_cif,640x480,1,19,18,12,2178.0,624529.0,1452.0,3723.0,307200
foreman_cif,640x480,2,19,10,17,1210.0,33214.0,2057.0,84209.0,307200
foreman_cif,640x480,3,19,14,19,1694.0,54016.0,2299.0,222442.0,307200
foreman_cif,640x480,4,19,10,20,1210.0,11646.0,2420.0,92677.0,307200
foreman_cif,640x480,5,19,24,17,2904.0,7286.0,2057.0,6023.0,307200
foreman_cif,640x480,6,19,17,14,2057.0,13652.0,1694.0,30467.0,307200
foreman_cif,640x480,7,19,23,12,2783.0,10650.0,1452.0,379342.0,307200
foreman_cif,640x480,8,19,17,16,2057.0,6045.0,1936.0,11473.0,307200
foreman_cif,640x480,9,19,20,17,2420.0,4492.0,2057.0,33701.0,307200
foreman_cif,640x480,10,19,15,12,1815.0,2682.0,1452.0,31792.0,307200
foreman_cif,640x480,11,19,16,17,1936.0,3978.0,2057.0,13848.0,307200
foreman_cif,640x480,12,19,20,12,2420.0,13372.0,1452.0,153579.0,307200
foreman_cif,640x480,13,19,12,26,1452.0,2932.0,3146.0,18173.0,307200
foreman_cif,640x480,14,19,22,16,2662.0,6500.0,1936.0,3500.0,307200
foreman_cif,640x480,15,19,15,18,1815.0,7085.0,2178.0,7060.0,307200
foreman_cif,640x480,16,19,18,14,2178.0,55760.0,1694.0,452245.0,307200
foreman_cif,640x480,17,19,15,15,1815.0,3293.0,1815.0,33751.0,307200
foreman_cif,640x480,18,19,13,17,1573.0,48266.0,2057.0,98159.0,307200
foreman_cif,640x480,19,19,10,20,1210.0,5704.0,2420.0,11943.0,307200
foreman_cif,640x480,20,19,16,15,1936.0,22279.0,1815.0,42309.0,307200
foreman_cif,640x480,21,19,16,18,1936.0,127465.0,2178.0,20353.0,307200
foreman_cif,640x480,22,19,17,18,2057.0,22383.0,2178.0,6060.0,307200
foreman_cif,640x480,23,19,16,15,1936.0,84881.0,1815.0,16873.0,307200
foreman_cif,640x480,24,19,19,10,2299.0,12687.0,1210.0,14586.0,307200
foreman_cif,640x480,25,19,12,8,1452.0,2450.0,968.0,13787.0,307200
foreman_cif,640x480,26,19,0,0,0.0,0.0,0.0,0.0,307200
foreman_cif,640x480,27,19,0,0,0.0,0.0,0.0,0.0,307200
foreman_cif,640x480,28,19,0,0,0.0,0.0,0.0,0.0,307200
foreman_cif,640x480,29,19,0,0,0.0,0.0,0.0,0.0,307200
foreman_cif,1280x960,0,19,15,13,1815.0,5592.0,1573.0,88410.0,1228800
foreman_cif,1280x960,1,19,26,16,3146.0,27062.0,1936.0,7729.0,1228800
foreman_cif,1280x960,2,19,17,15,2057.0,3657.0,1815.0,48796.0,1228800
foreman_cif,1280x960,3,19,15,17,1815.0,2604.0,2057.0,82658.0,1228800
foreman_cif,1280x960,4,19,10,19,1210.0,1731.0,2299.0,242327.0,1228800
foreman_cif,1280x960,5,19,10,16,1210.0,8749.0,1936.0,73782.0,1228800
foreman_cif,1280x960,6,19,22,16,2662.0,51639.0,1936.0,51093.0,1228800
foreman_cif,1280x960,7,19,14,20,1694.0,5105.0,2420.0,56816.0,1228800
foreman_cif,1280x960,8,19,13,10,1573.0,5012.0,1210.0,21102.0,1228800
foreman_cif,1280x960,9,19,18,11,2178.0,6827.0,1331.0,7557.0,1228800
foreman_cif,1280x960,10,19,17,15,2057.0,17188.0,1815.0,198453.0,1228800
foreman_cif,1280x960,11,19,11,16,1331.0,4344.0,1936.0,216088.0,1228800
foreman_cif,1280x960,12,19,13,20,1573.0,24246.0,2420.0,51828.0,1228800
foreman_cif,1280x960,13,19,12,17,1452.0,91559.0,2057.0,63535.0,1228800
foreman_cif,1280x960,14,19,24,3,2904.0,95796.0,363.0,3932.0,1228800
foreman_cif,1280x960,15,19,20,16,2420.0,21747.0,1936.0,69043.0,1228800
foreman_cif,1280x960,16,19,13,22,1573.0,7468.0,2662.0,20171.0,1228800
foreman_cif,1280x960,17,19,16,9,1936.0,27582.0,1089.0,5534.0,1228800
foreman_cif,1280x960,18,19,14,14,1694.0,22418.0,1694.0,145034.0,1228800
foreman_cif,1280x960,19,19,11,18,1331.0,78380.0,2178.0,980380.0,1228800
foreman_cif,1280x960,20,19,16,16,1936.0,4719.0,1936.0,66107.0,1228800
foreman_cif,1280x960,21,19,15,14,1815.0,51599.0,1694.0,78462.0,1228800
foreman_cif,1280x960,22,19,14,18,1694.0,43996.0,2178.0,62344.0,1228800
foreman_cif,1280x960,23,19,16,23,1936.0,20948.0,2783.0,44087.0,1228800
foreman_cif,1280x960,24,19,19,16,2299.0,7412.0,1936.0,62548.0,1228800
foreman_cif,1280x960,25,19,9,7,1089.0,108293.0,847.0,41034.0,1228800
foreman_cif,1280x960,26,19,0,0,0.0,0.0,0.0,0.0,1228800
foreman_cif,1280x960,27,19,0,0,0.0,0.0,0.0,0.0,1228800
foreman_cif,1280x960,28,19,0,0,0.0,0.0,0.0,0.0,1228800
foreman_cif,1280x960,29,19,0,0,0.0,0.0,0.0,0.0,1228800
foreman_cif_300f,352x288,0,19,21,16,2541.0,40297.0,1936.0,17784.0,101376
foreman_cif_300f,352x288,1,19,16,13,1936.0,2714.0,1573.0,32189.0,101376
foreman_cif_300f,352x288,2,19,17,16,2057.0,15259.0,1936.0,20502.0,101376
foreman_cif_300f,352x288,3,19,18,17,2178.0,60944.0,2057.0,16450.0,101376
foreman_cif_300f,352x288,4,19,10,13,1210.0,20908.0,1573.0,6589.0,101376
foreman_cif_300f,352x288,5,19,14,23,1694.0,122008.0,2783.0,27933.0,101376
foreman_cif_300f,352x288,6,19,13,16,1573.0,1993.0,1936.0,34777.0,101376
foreman_cif_300f,352x288,7,19,16,15,1936.0,14824.0,1815.0,6736.0,101376
foreman_cif_300f,352x288,8,19,18,15,2178.0,7089.0,1815.0,28795.0,101376
foreman_cif_300f,352x288,9,19,20,10,2420.0,11607.0,1210.0,5663.0,101376
foreman_cif_300f,352x288,10,19,19,13,2299.0,5921.0,1573.0,7491.0,101376
foreman_cif_300f,352x288,11,19,17,21,2057.0,5133.0,2541.0,21061.0,101376
foreman_cif_300f,352x288,12,19,15,8,1815.0,7853.0,968.0,6708.0,101376
foreman_cif_300f,352x288,13,19,12,16,1452.0,2737.0,1936.0,4096.0,101376
foreman_cif_300f,352x288,14,19,13,15,1573.0,8099.0,1815.0,5028.0,101376
foreman_cif_300f,352x288,15,19,15,15,1815.0,1679.0,1815.0,7399.0,101376
foreman_cif_300f,352x288,16,19,16,14,1936.0,9820.0,1694.0,60606.0,101376
foreman_cif_300f,352x288,17,19,17,17,2057.0,3930.0,2057.0,5429.0,101376
foreman_cif_300f,352x288,18,19,21,15,2541.0,8795.0,1815.0,75808.0,101376
foreman_cif_300f,352x288,19,19,14,17,1694.0,2683.0,2057.0,9034.0,101376
foreman_cif_300f,352x288,20,19,16,16,1936.0,4351.0,1936.0,14965.0,101376
foreman_cif_300f,352x288,21,19,13,20,1573.0,7376.0,2420.0,8184.0,101376
foreman_cif_300f,352x288,22,19,22,11,2662.0,8128.0,1331.0,4284.0,101376
foreman_cif_300f,352x288,23,19,22,13,2662.0,29157.0,1573.0,3378.0,101376
foreman_cif_300f,352x288,24,19,22,8,2662.0,14606.0,968.0,18957.0,101376
foreman_cif_300f,352x288,25,19,5,8,605.0,1582.0,968.0,3376.0,101376
foreman_cif_300f,352x288,26,19,0,0,0.0,0.0,0.0,0.0,101376
foreman_cif_300f,352x288,27,19,0,0,0.0,0.0,0.0,0.0,101376
foreman_cif_300f,352x288,28,19,0,0,0.0,0.0,0.0,0.0,101376
foreman_cif_300f,352x288,29,19,0,0,0.0,0.0,0.0,0.0,101376
foreman_cif_300f,640x480,0,19,18,12,2178.0,13951.0,1452.0,66471.0,307200
foreman_cif_300f,640x480,1,19,14,18,1694.0,14007.0,2178.0,61655.0,307200
foreman_cif_300f,640x480,2,19,19,16,2299.0,81217.0,1936.0,108838.0,307200
foreman_cif_300f,640x480,3,19,11,20,1331.0,246144.0,2420.0,75964.0,307200
foreman_cif_300f,640x480,4,19,21,11,2541.0,21620.0,1331.0,4452.0,307200
foreman_cif_300f,640x480,5,19,17,14,2057.0,276751.0,1694.0,80831.0,307200
foreman_cif_300f,640x480,6,19,20,15,2420.0,8624.0,1815.0,7874.0,307200
foreman_cif_300f,640x480,7,19,17,15,2057.0,5619.0,1815.0,12844.0,307200
foreman_cif_300f,640x480,8,19,17,16,2057.0,30756.0,1936.0,12177.0,307200
foreman_cif_300f,640x480,9,19,13,15,1573.0,4100.0,1815.0,20259.0,307200
foreman_cif_300f,640x480,10,19,22,16,2662.0,35754.0,1936.0,21956.0,307200
foreman_cif_300f,640x480,11,19,11,21,1331.0,4652.0,2541.0,33747.0,307200
foreman_cif_300f,640x480,12,19,20,15,2420.0,43165.0,1815.0,46523.0,307200
foreman_cif_300f,640x480,13,19,18,12,2178.0,12310.0,1452.0,100506.0,307200
foreman_cif_300f,640x480,14,19,16,15,1936.0,2787.0,1815.0,18212.0,307200
foreman_cif_300f,640x480,15,19,17,14,2057.0,2834.0,1694.0,11973.0,307200
foreman_cif_300f,640x480,16,19,15,19,1815.0,13306.0,2299.0,20645.0,307200
foreman_cif_300f,640x480,17,19,21,12,2541.0,6749.0,1452.0,10686.0,307200
foreman_cif_300f,640x480,18,19,14,19,1694.0,2750.0,2299.0,23588.0,307200
foreman_cif_300f,640x480,19,19,17,18,2057.0,7652.0,2178.0,13093.0,307200
foreman_cif_300f,640x480,20,19,24,13,2904.0,46777.0,1573.0,8696.0,307200
foreman_cif_300f,640x480,21,19,13,20,1573.0,4215.0,2420.0,4969.0,307200
foreman_cif_300f,640x480,22,19,21,7,2541.0,23200.0,847.0,50252.0,307200
foreman_cif_300f,640x480,23,19,19,17,2299.0,60999.0,2057.0,40081.0,307200
foreman_cif_300f,640x480,24,19,18,17,2178.0,7715.0,2057.0,12731.0,307200
foreman_cif_300f,640x480,25,19,10,9,1210.0,20544.0,1089.0,2341.0,307200
foreman_cif_300f,640x480,26,19,0,0,0.0,0.0,0.0,0.0,307200
foreman_cif_300f,640x480,27,19,0,0,0.0,0.0,0.0,0.0,307200
foreman_cif_300f,640x480,28,19,0,0,0.0,0.0,0.0,0.0,307200
foreman_cif_300f,640x480,29,19,0,0,0.0,0.0,0.0,0.0,307200
foreman_cif_300f,1280x960,0,19,21,13,2541.0,855086.0,1573.0,9111.0,1228800
foreman_cif_300f,1280x960,1,19,18,21,2178.0,5217.0,2541.0,25471.0,1228800
foreman_cif_300f,1280x960,2,19,16,18,1936.0,5320.0,2178.0,78829.0,1228800
foreman_cif_300f,1280x960,3,19,23,13,2783.0,4905.0,1573.0,506758.0,1228800
foreman_cif_300f,1280x960,4,19,20,10,2420.0,2695927.0,1210.0,3556.0,1228800
foreman_cif_300f,1280x960,5,19,18,18,2178.0,11245.0,2178.0,73896.0,1228800
foreman_cif_300f,1280x960,6,19,15,19,1815.0,19796.0,2299.0,76510.0,1228800
foreman_cif_300f,1280x960,7,19,21,12,2541.0,6054.0,1452.0,129527.0,1228800
foreman_cif_300f,1280x960,8,19,17,14,2057.0,51473.0,1694.0,124128.0,1228800
foreman_cif_300f,1280x960,9,19,19,12,2299.0,7613.0,1452.0,160328.0,1228800
foreman_cif_300f,1280x960,10,19,19,18,2299.0,12517.0,2178.0,114710.0,1228800
foreman_cif_300f,1280x960,11,19,15,15,1815.0,1749.0,1815.0,63454.0,1228800
foreman_cif_300f,1280x960,12,19,17,15,2057.0,31183.0,1815.0,71196.0,1228800
foreman_cif_300f,1280x960,13,19,11,19,1331.0,10093.0,2299.0,10571.0,1228800
foreman_cif_300f,1280x960,14,19,20,20,2420.0,75070.0,2420.0,77764.0,1228800
foreman_cif_300f,1280x960,15,19,20,17,2420.0,4071.0,2057.0,65571.0,1228800
foreman_cif_300f,1280x960,16,19,23,14,2783.0,9658.0,1694.0,5935.0,1228800
foreman_cif_300f,1280x960,17,19,17,22,2057.0,5129.0,2662.0,59138.0,1228800
foreman_cif_300f,1280x960,18,19,17,16,2057.0,5470.0,1936.0,66239.0,1228800
foreman_cif_300f,1280x960,19,19,18,11,2178.0,70378.0,1331.0,40979.0,1228800
foreman_cif_300f,1280x960,20,19,16,24,1936.0,10272.0,2904.0,295007.0,1228800
foreman_cif_300f,1280x960,21,19,16,17,1936.0,296300.0,2057.0,66340.0,1228800
foreman_cif_300f,1280x960,22,19,14,16,1694.0,7373.0,1936.0,34657.0,1228800
foreman_cif_300f,1280x960,23,19,18,20,2178.0,296364.0,2420.0,134188.0,1228800
foreman_cif_300f,1280x960,24,19,17,18,2057.0,11768.0,2178.0,315620.0,1228800
foreman_cif_300f,1280x960,25,19,7,11,847.0,10409.0,1331.0,11882.0,1228800
foreman_cif_300f,1280x960,26,19,0,0,0.0,0.0,0.0,0.0,1228800
foreman_cif_300f,1280x960,27,19,0,0,0.0,0.0,0.0,0.0,1228800
foreman_cif_300f,1280x960,28,19,0,0,0.0,0.0,0.0,0.0,1228800
foreman_cif_300f,1280x960,29,19,0,0,0.0,0.0,0.0,0.0,1228800
hall_monitor_cif,352x288,0,19,25,7,3025.0,77661.0,847.0,10428.0,101376
hall_monitor_cif,352x288,1,19,21,10,2541.0,14318.0,1210.0,20024.0,101376
hall_monitor_cif,352x288,2,19,17,8,2057.0,29973.0,968.0,12277.0,101376
hall_monitor_cif,352x288,3,19,19,7,2299.0,20664.0,847.0,20248.0,101376
hall_monitor_cif,352x288,4,19,19,14,2299.0,31249.0,1694.0,27230.0,101376
hall_monitor_cif,352x288,5,19,14,15,1694.0,23503.0,1815.0,22430.0,101376
hall_monitor_cif,352x288,6,19,21,10,2541.0,3856.0,1210.0,35533.0,101376
hall_monitor_cif,352x288,7,19,21,12,2541.0,36769.0,1452.0,30755.0,101376
hall_monitor_cif,352x288,8,19,18,13,2178.0,2629.0,1573.0,6057.0,101376
hall_monitor_cif,352x288,9,19,24,10,2904.0,7879.0,1210.0,4064.0,101376
hall_monitor_cif,352x288,10,19,22,8,2662.0,11156.0,968.0,9305.0,101376
hall_monitor_cif,352x288,11,19,22,7,2662.0,102927.0,847.0,18822.0,101376
hall_monitor_cif,352x288,12,19,24,12,2904.0,13920.0,1452.0,8063.0,101376
hall_monitor_cif,352x288,13,19,26,9,3146.0,96165.0,1089.0,23002.0,101376
hall_monitor_cif,352x288,14,19,24,6,2904.0,19745.0,726.0,12127.0,101376
hall_monitor_cif,352x288,15,19,22,7,2662.0,19947.0,847.0,6122.0,101376
hall_monitor_cif,352x288,16,19,16,15,1936.0,2119.0,1815.0,11496.0,101376
hall_monitor_cif,352x288,17,19,20,10,2420.0,19785.0,1210.0,53326.0,101376
hall_monitor_cif,352x288,18,19,19,17,2299.0,46348.0,2057.0,9759.0,101376
hall_monitor_cif,352x288,19,19,20,6,2420.0,14200.0,726.0,34320.0,101376
hall_monitor_cif,352x288,20,19,23,10,2783.0,24283.0,1210.0,6600.0,101376
hall_monitor_cif,352x288,21,19,24,9,2904.0,23127.0,1089.0,16147.0,101376
hall_monitor_cif,352x288,22,19,24,10,2904.0,42262.0,1210.0,25988.0,101376
hall_monitor_cif,352x288,23,19,16,8,1936.0,20292.0,968.0,2263.0,101376
hall_monitor_cif,352x288,24,19,23,10,2783.0,98349.0,1210.0,3177.0,101376
hall_monitor_cif,352x288,25,19,12,8,1452.0,3453.0,968.0,2151.0,101376
hall_monitor_cif,352x288,26,19,0,0,0.0,0.0,0.0,0.0,101376
hall_monitor_cif,352x288,27,19,0,0,0.0,0.0,0.0,0.0,101376
hall_monitor_cif,352x288,28,19,0,0,0.0,0.0,0.0,0.0,101376
hall_monitor_cif,352x288,29,19,0,0,0.0,0.0,0.0,0.0,101376
hall_monitor_cif,640x480,0,19,22,11,2662.0,40385.0,1331.0,102770.0,307200
hall_monitor_cif,640x480,1,19,22,9,2662.0,15875.0,1089.0,6178.0,307200
hall_monitor_cif,640x480,2,19,22,13,2662.0,27798.0,1573.0,14735.0,307200
hall_monitor_cif,640x480,3,19,24,10,2904.0,128269.0,1210.0,60289.0,307200
hall_monitor_cif,640x480,4,19,24,11,2904.0,161278.0,1331.0,55182.0,307200
hall_monitor_cif,640x480,5,19,25,7,3025.0,25890.0,847.0,1591.0,307200
hall_monitor_cif,640x480,6,19,19,8,2299.0,89234.0,968.0,26129.0,307200
hall_monitor_cif,640x480,7,19,18,7,2178.0,24173.0,847.0,13266.0,307200
hall_monitor_cif,640x480,8,19,22,9,2662.0,13673.0,1089.0,62655.0,307200
hall_monitor_cif,640x480,9,19,25,10,3025.0,17724.0,1210.0,24836.0,307200
hall_monitor_cif,640x480,10,19,16,10,1936.0,11390.0,1210.0,221418.0,307200
hall_monitor_cif,640x480,11,19,28,9,3388.0,55340.0,1089.0,48711.0,307200
hall_monitor_cif,640x480,12,19,21,15,2541.0,54339.0,1815.0,90655.0,307200
hall_monitor_cif,640x480,13,19,24,8,2904.0,316498.0,968.0,20344.0,307200
hall_monitor_cif,640x480,14,19,23,8,2783.0,9194.0,968.0,124919.0,307200
hall_monitor_cif,640x480,15,19,16,12,1936.0,283656.0,1452.0,87121.0,307200
hall_monitor_cif,640x480,16,19,27,10,3267.0,25827.0,1210.0,51920.0,307200
hall_monitor_cif,640x480,17,19,27,4,3267.0,36764.0,484.0,12324.0,307200
hall_monitor_cif,640x480,18,19,22,11,2662.0,34997.0,1331.0,224865.0,307200
hall_monitor_cif,640x480,19,19,26,5,3146.0,8307.0,605.0,19099.0,307200
hall_monitor_cif,640x480,20,19,16,12,1936.0,19558.0,1452.0,87885.0,307200
hall_monitor_cif,640x480,21,19,23,14,2783.0,11655.0,1694.0,40345.0,307200
hall_monitor_cif,640x480,22,19,23,10,2783.0,15453.0,1210.0,64136.0,307200
hall_monitor_cif,640x480,23,19,26,15,3146.0,19564.0,1815.0,64433.0,307200
hall_monitor_cif,640x480,24,19,26,7,3146.0,231375.0,847.0,47352.0,307200
hall_monitor_cif,640x480,25,19,10,4,1210.0,124232.0,484.0,6999.0,307200
hall_monitor_cif,640x480,26,19,0,0,0.0,0.0,0.0,0.0,307200
hall_monitor_cif,640x480,27,19,0,0,0.0,0.0,0.0,0.0,307200
hall_monitor_cif,640x480,28,19,0,0,0.0,0.0,0.0,0.0,307200
hall_monitor_cif,640x480,29,19,0,0,0.0,0.0,0.0,0.0,307200
hall_monitor_cif,1280x960,0,19,18,8,2178.0,2727.0,968.0,98567.0,1228800
hall_monitor_cif,1280x960,1,19,13,10,1573.0,4060.0,1210.0,18520.0,1228800
hall_monitor_cif,1280x960,2,19,15,12,1815.0,1049133.0,1452.0,98456.0,1228800
hall_monitor_cif,1280x960,3,19,27,11,3267.0,5768.0,1331.0,19913.0,1228800
hall_monitor_cif,1280x960,4,19,24,12,2904.0,49509.0,1452.0,69807.0,1228800
hall_monitor_cif,1280x960,5,19,23,8,2783.0,80055.0,968.0,24242.0,1228800
hall_monitor_cif,1280x960,6,19,20,13,2420.0,27134.0,1573.0,60210.0,1228800
hall_monitor_cif,1280x960,7,19,24,13,2904.0,65024.0,1573.0,160603.0,1228800
hall_monitor_cif,1280x960,8,19,13,13,1573.0,14394.0,1573.0,88349.0,1228800
hall_monitor_cif,1280x960,9,19,22,10,2662.0,775445.0,1210.0,194040.0,1228800
hall_monitor_cif,1280x960,10,19,29,10,3509.0,43196.0,1210.0,15987.0,1228800
hall_monitor_cif,1280x960,11,19,24,1,2904.0,24924.0,121.0,272.0,1228800
hall_monitor_cif,1280x960,12,19,26,8,3146.0,17457.0,968.0,154768.0,1228800
hall_monitor_cif,1280x960,13,19,25,4,3025.0,29110.0,484.0,19823.0,1228800
hall_monitor_cif,1280x960,14,19,24,12,2904.0,54987.0,1452.0,39287.0,1228800
hall_monitor_cif,1280x960,15,19,30,4,3630.0,85106.0,484.0,70899.0,1228800
hall_monitor_cif,1280x960,16,19,26,8,3146.0,46480.0,968.0,17506.0,1228800
hall_monitor_cif,1280x960,17,19,23,8,2783.0,20753.0,968.0,20901.0,1228800
hall_monitor_cif,1280x960,18,19,33,6,3993.0,38816.0,726.0,214001.0,1228800
hall_monitor_cif,1280x960,19,19,26,13,3146.0,190443.0,1573.0,103119.0,1228800
hall_monitor_cif,1280x960,20,19,21,12,2541.0,45303.0,1452.0,67062.0,1228800
hall_monitor_cif,1280x960,21,19,26,9,3146.0,179346.0,1089.0,104968.0,1228800
hall_monitor_cif,1280x960,22,19,20,9,2420.0,18333.0,1089.0,15403.0,1228800
hall_monitor_cif,1280x960,23,19,17,9,2057.0,42905.0,1089.0,152651.0,1228800
hall_monitor_cif,1280x960,24,19,18,10,2178.0,2768.0,1210.0,77865.0,1228800
hall_monitor_cif,1280x960,25,19,10,5,1210.0,37124.0,605.0,4334.0,1228800
hall_monitor_cif,1280x960,26,19,0,0,0.0,0.0,0.0,0.0,1228800
hall_monitor_cif,1280x960,27,19,0,0,0.0,0.0,0.0,0.0,1228800
hall_monitor_cif,1280x960,28,19,0,0,0.0,0.0,0.0,0.0,1228800
hall_monitor_cif,1280x960,29,19,0,0,0.0,0.0,0.0,0.0,1228800
