source,resolution,frame_index,source_to_stego_psnr_y,source_to_stego_ssim,cover_to_stego_psnr_y,cover_to_stego_ssim
akiyo_cif.y4m,352x288,1,34.93,0.950511,35.29,0.961177
akiyo_cif.y4m,352x288,2,45.39,0.986091,,1.0
akiyo_cif.y4m,352x288,3,45.39,0.986086,,1.0
akiyo_cif.y4m,352x288,4,45.38,0.986058,,1.0
akiyo_cif.y4m,352x288,5,45.39,0.986029,,1.0
akiyo_cif.y4m,352x288,6,45.38,0.986034,,1.0
akiyo_cif.y4m,352x288,7,45.37,0.986057,,1.0
akiyo_cif.y4m,352x288,8,45.39,0.986073,,1.0
akiyo_cif.y4m,352x288,9,45.39,0.986089,,1.0
akiyo_cif.y4m,352x288,10,45.36,0.986047,,1.0
akiyo_cif.y4m,352x288,11,45.35,0.986039,,1.0
akiyo_cif.y4m,352x288,12,45.37,0.986013,,1.0
akiyo_cif.y4m,352x288,13,45.36,0.986048,,1.0
akiyo_cif.y4m,352x288,14,45.37,0.986042,,1.0
akiyo_cif.y4m,352x288,15,45.39,0.986128,,1.0
akiyo_cif.y4m,352x288,16,45.35,0.985972,,1.0
akiyo_cif.y4m,352x288,17,45.38,0.986043,,1.0
akiyo_cif.y4m,352x288,18,45.39,0.986019,,1.0
akiyo_cif.y4m,352x288,19,45.37,0.985998,,1.0
akiyo_cif.y4m,352x288,20,45.36,0.986032,,1.0
akiyo_cif.y4m,352x288,21,45.38,0.986098,,1.0
akiyo_cif.y4m,352x288,22,45.38,0.986036,,1.0
akiyo_cif.y4m,352x288,23,45.37,0.986082,,1.0
akiyo_cif.y4m,352x288,24,45.36,0.986017,,1.0
akiyo_cif.y4m,352x288,25,45.37,0.986094,,1.0
akiyo_cif.y4m,352x288,26,45.37,0.986029,,1.0
akiyo_cif.y4m,352x288,27,45.37,0.986088,,1.0
akiyo_cif.y4m,352x288,28,45.37,0.986054,,1.0
akiyo_cif.y4m,352x288,29,45.35,0.985964,,1.0
akiyo_cif.y4m,352x288,30,45.36,0.985989,,1.0
akiyo_cif.y4m,640x480,1,33.51,0.970163,33.68,0.980659
akiyo_cif.y4m,640x480,2,46.74,0.987917,,1.0
akiyo_cif.y4m,640x480,3,46.77,0.987991,,1.0
akiyo_cif.y4m,640x480,4,46.76,0.987944,,1.0
akiyo_cif.y4m,640x480,5,46.76,0.98794,,1.0
akiyo_cif.y4m,640x480,6,46.77,0.987951,,1.0
akiyo_cif.y4m,640x480,7,46.75,0.987959,,1.0
akiyo_cif.y4m,640x480,8,46.78,0.987975,,1.0
akiyo_cif.y4m,640x480,9,46.76,0.987931,,1.0
akiyo_cif.y4m,640x480,10,46.75,0.987957,,1.0
akiyo_cif.y4m,640x480,11,46.76,0.987931,,1.0
akiyo_cif.y4m,640x480,12,46.75,0.987956,,1.0
akiyo_cif.y4m,640x480,13,46.74,0.987929,,1.0
akiyo_cif.y4m,640x480,14,46.74,0.987948,,1.0
akiyo_cif.y4m,640x480,15,46.75,0.987902,,1.0
akiyo_cif.y4m,640x480,16,46.77,0.987967,,1.0
akiyo_cif.y4m,640x480,17,46.76,0.987947,,1.0
akiyo_cif.y4m,640x480,18,46.77,0.987976,,1.0
akiyo_cif.y4m,640x480,19,46.77,0.987962,,1.0
akiyo_cif.y4m,640x480,20,46.75,0.987943,,1.0
akiyo_cif.y4m,640x480,21,46.75,0.987982,,1.0
akiyo_cif.y4m,640x480,22,46.77,0.988003,,1.0
akiyo_cif.y4m,640x480,23,46.77,0.987986,,1.0
akiyo_cif.y4m,640x480,24,46.76,0.987984,,1.0
akiyo_cif.y4m,640x480,25,46.76,0.987968,,1.0
akiyo_cif.y4m,640x480,26,46.77,0.987966,,1.0
akiyo_cif.y4m,640x480,27,46.77,0.987997,,1.0
akiyo_cif.y4m,640x480,28,46.75,0.987929,,1.0
akiyo_cif.y4m,640x480,29,46.76,0.987986,,1.0
akiyo_cif.y4m,640x480,30,46.75,0.987979,,1.0
akiyo_cif.y4m,1280x960,1,40.81,0.985761,41.55,0.993854
akiyo_cif.y4m,1280x960,2,48.54,0.991071,,1.0
akiyo_cif.y4m,1280x960,3,48.54,0.991063,,1.0
akiyo_cif.y4m,1280x960,4,48.55,0.991089,,1.0
akiyo_cif.y4m,1280x960,5,48.54,0.991048,,1.0
akiyo_cif.y4m,1280x960,6,48.54,0.991067,,1.0
akiyo_cif.y4m,1280x960,7,48.55,0.991081,,1.0
akiyo_cif.y4m,1280x960,8,48.54,0.991083,,1.0
akiyo_cif.y4m,1280x960,9,48.54,0.99107,,1.0
akiyo_cif.y4m,1280x960,10,48.54,0.991066,,1.0
akiyo_cif.y4m,1280x960,11,48.54,0.991079,,1.0
akiyo_cif.y4m,1280x960,12,48.55,0.991078,,1.0
akiyo_cif.y4m,1280x960,13,48.54,0.991084,,1.0
akiyo_cif.y4m,1280x960,14,48.53,0.991077,,1.0
akiyo_cif.y4m,1280x960,15,48.53,0.991065,,1.0
akiyo_cif.y4m,1280x960,16,48.53,0.991085,,1.0
akiyo_cif.y4m,1280x960,17,48.54,0.991097,,1.0
akiyo_cif.y4m,1280x960,18,48.54,0.991061,,1.0
akiyo_cif.y4m,1280x960,19,48.54,0.991082,,1.0
akiyo_cif.y4m,1280x960,20,48.54,0.991091,,1.0
akiyo_cif.y4m,1280x960,21,48.54,0.991122,,1.0
akiyo_cif.y4m,1280x960,22,48.54,0.99109,,1.0
akiyo_cif.y4m,1280x960,23,48.54,0.991096,,1.0
akiyo_cif.y4m,1280x960,24,48.53,0.99108,,1.0
akiyo_cif.y4m,1280x960,25,48.54,0.991105,,1.0
akiyo_cif.y4m,1280x960,26,48.54,0.991116,,1.0
akiyo_cif.y4m,1280x960,27,48.55,0.991126,,1.0
akiyo_cif.y4m,1280x960,28,48.54,0.991089,,1.0
akiyo_cif.y4m,1280x960,29,48.53,0.991076,,1.0
akiyo_cif.y4m,1280x960,30,48.53,0.991077,,1.0
city_cif.y4m,352x288,1,38.9,0.968763,40.85,0.979294
city_cif.y4m,352x288,2,43.21,0.987502,,1.0
city_cif.y4m,352x288,3,43.25,0.987589,,1.0
city_cif.y4m,352x288,4,43.23,0.987584,,1.0
city_cif.y4m,352x288,5,43.24,0.987526,,1.0
city_cif.y4m,352x288,6,43.18,0.987553,,1.0
city_cif.y4m,352x288,7,43.19,0.98767,,1.0
city_cif.y4m,352x288,8,43.2,0.987544,,1.0
city_cif.y4m,352x288,9,43.17,0.98739,,1.0
city_cif.y4m,352x288,10,43.2,0.987599,,1.0
city_cif.y4m,352x288,11,43.2,0.987445,,1.0
city_cif.y4m,352x288,12,43.21,0.987525,,1.0
city_cif.y4m,352x288,13,43.25,0.98755,,1.0
city_cif.y4m,352x288,14,43.29,0.987607,,1.0
city_cif.y4m,352x288,15,43.31,0.987287,,1.0
city_cif.y4m,352x288,16,43.29,0.987555,,1.0
city_cif.y4m,352x288,17,43.27,0.987551,,1.0
city_cif.y4m,352x288,18,43.25,0.987756,,1.0
city_cif.y4m,352x288,19,43.21,0.987669,,1.0
city_cif.y4m,352x288,20,43.2,0.987703,,1.0
city_cif.y4m,352x288,21,43.29,0.987706,,1.0
city_cif.y4m,352x288,22,43.28,0.987609,,1.0
city_cif.y4m,352x288,23,43.27,0.987526,,1.0
city_cif.y4m,352x288,24,43.23,0.98768,,1.0
city_cif.y4m,352x288,25,43.19,0.987689,,1.0
city_cif.y4m,352x288,26,43.22,0.987662,,1.0
city_cif.y4m,352x288,27,43.21,0.987678,,1.0
city_cif.y4m,352x288,28,43.23,0.98753,,1.0
city_cif.y4m,352x288,29,43.26,0.987577,,1.0
city_cif.y4m,352x288,30,43.25,0.987532,,1.0
city_cif.y4m,640x480,1,37.83,0.980642,38.87,0.990382
city_cif.y4m,640x480,2,44.63,0.989531,,1.0
city_cif.y4m,640x480,3,44.63,0.989473,,1.0
city_cif.y4m,640x480,4,44.62,0.989521,,1.0
city_cif.y4m,640x480,5,44.64,0.989514,,1.0
city_cif.y4m,640x480,6,44.58,0.989551,,1.0
city_cif.y4m,640x480,7,44.6,0.989568,,1.0
city_cif.y4m,640x480,8,44.59,0.9895,,1.0
city_cif.y4m,640x480,9,44.59,0.98957,,1.0
city_cif.y4m,640x480,10,44.6,0.989565,,1.0
city_cif.y4m,640x480,11,44.6,0.989548,,1.0
city_cif.y4m,640x480,12,44.62,0.989622,,1.0
city_cif.y4m,640x480,13,44.67,0.989502,,1.0
city_cif.y4m,640x480,14,44.69,0.989525,,1.0
city_cif.y4m,640x480,15,44.77,0.98941,,1.0
city_cif.y4m,640x480,16,44.73,0.9895,,1.0
city_cif.y4m,640x480,17,44.69,0.989497,,1.0
city_cif.y4m,640x480,18,44.65,0.989665,,1.0
city_cif.y4m,640x480,19,44.6,0.989578,,1.0
city_cif.y4m,640x480,20,44.64,0.989628,,1.0
city_cif.y4m,640x480,21,44.7,0.989576,,1.0
city_cif.y4m,640x480,22,44.69,0.989627,,1.0
city_cif.y4m,640x480,23,44.7,0.989545,,1.0
city_cif.y4m,640x480,24,44.66,0.989661,,1.0
city_cif.y4m,640x480,25,44.6,0.989634,,1.0
city_cif.y4m,640x480,26,44.62,0.989595,,1.0
city_cif.y4m,640x480,27,44.67,0.989577,,1.0
city_cif.y4m,640x480,28,44.67,0.989437,,1.0
city_cif.y4m,640x480,29,44.69,0.989421,,1.0
city_cif.y4m,640x480,30,44.65,0.989457,,1.0
city_cif.y4m,1280x960,1,39.68,0.987291,40.78,0.995957
city_cif.y4m,1280x960,2,46.12,0.99096,,1.0
city_cif.y4m,1280x960,3,46.14,0.990942,,1.0
city_cif.y4m,1280x960,4,46.13,0.990927,,1.0
city_cif.y4m,1280x960,5,46.17,0.991012,,1.0
city_cif.y4m,1280x960,6,46.11,0.991031,,1.0
city_cif.y4m,1280x960,7,46.11,0.991015,,1.0
city_cif.y4m,1280x960,8,46.09,0.991008,,1.0
city_cif.y4m,1280x960,9,46.08,0.990987,,1.0
city_cif.y4m,1280x960,10,46.11,0.991056,,1.0
city_cif.y4m,1280x960,11,46.1,0.99098,,1.0
city_cif.y4m,1280x960,12,46.12,0.991004,,1.0
city_cif.y4m,1280x960,13,46.18,0.990943,,1.0
city_cif.y4m,1280x960,14,46.23,0.990975,,1.0
city_cif.y4m,1280x960,15,46.29,0.990856,,1.0
city_cif.y4m,1280x960,16,46.25,0.99092,,1.0
city_cif.y4m,1280x960,17,46.22,0.990965,,1.0
city_cif.y4m,1280x960,18,46.19,0.99104,,1.0
city_cif.y4m,1280x960,19,46.14,0.990989,,1.0
city_cif.y4m,1280x960,20,46.15,0.990998,,1.0
city_cif.y4m,1280x960,21,46.21,0.990975,,1.0
city_cif.y4m,1280x960,22,46.22,0.991011,,1.0
city_cif.y4m,1280x960,23,46.22,0.990949,,1.0
city_cif.y4m,1280x960,24,46.17,0.991077,,1.0
city_cif.y4m,1280x960,25,46.12,0.991015,,1.0
city_cif.y4m,1280x960,26,46.16,0.991056,,1.0
city_cif.y4m,1280x960,27,46.18,0.990975,,1.0
city_cif.y4m,1280x960,28,46.19,0.99085,,1.0
city_cif.y4m,1280x960,29,46.2,0.990887,,1.0
city_cif.y4m,1280x960,30,46.17,0.99088,,1.0
coastguard_cif.y4m,352x288,1,37.14,0.967239,38.4,0.97757
coastguard_cif.y4m,352x288,2,43.04,0.988233,,1.0
coastguard_cif.y4m,352x288,3,43.03,0.988198,,1.0
coastguard_cif.y4m,352x288,4,43.05,0.988331,,1.0
coastguard_cif.y4m,352x288,5,43.05,0.988308,,1.0
coastguard_cif.y4m,352x288,6,43.06,0.988237,,1.0
coastguard_cif.y4m,352x288,7,43.05,0.988305,,1.0
coastguard_cif.y4m,352x288,8,43.03,0.988238,,1.0
coastguard_cif.y4m,352x288,9,43.01,0.988234,,1.0
coastguard_cif.y4m,352x288,10,43.04,0.988328,,1.0
coastguard_cif.y4m,352x288,11,43.02,0.988256,,1.0
coastguard_cif.y4m,352x288,12,43.04,0.988367,,1.0
coastguard_cif.y4m,352x288,13,43.04,0.9884,,1.0
coastguard_cif.y4m,352x288,14,43.04,0.988301,,1.0
coastguard_cif.y4m,352x288,15,43.04,0.988434,,1.0
coastguard_cif.y4m,352x288,16,43.04,0.988475,,1.0
coastguard_cif.y4m,352x288,17,43.06,0.988513,,1.0
coastguard_cif.y4m,352x288,18,43.02,0.988549,,1.0
coastguard_cif.y4m,352x288,19,43.06,0.988683,,1.0
coastguard_cif.y4m,352x288,20,43.07,0.988674,,1.0
coastguard_cif.y4m,352x288,21,43.06,0.988606,,1.0
coastguard_cif.y4m,352x288,22,43.07,0.988711,,1.0
coastguard_cif.y4m,352x288,23,43.04,0.988638,,1.0
coastguard_cif.y4m,352x288,24,43.06,0.988635,,1.0
coastguard_cif.y4m,352x288,25,43.06,0.988635,,1.0
coastguard_cif.y4m,352x288,26,43.08,0.988703,,1.0
coastguard_cif.y4m,352x288,27,43.04,0.988655,,1.0
coastguard_cif.y4m,352x288,28,43.03,0.988639,,1.0
coastguard_cif.y4m,352x288,29,43.03,0.98871,,1.0
coastguard_cif.y4m,352x288,30,43.03,0.988776,,1.0
coastguard_cif.y4m,640x480,1,36.71,0.979378,37.51,0.988349
coastguard_cif.y4m,640x480,2,44.53,0.990297,,1.0
coastguard_cif.y4m,640x480,3,44.5,0.990218,,1.0
coastguard_cif.y4m,640x480,4,44.49,0.990251,,1.0
coastguard_cif.y4m,640x480,5,44.5,0.990258,,1.0
coastguard_cif.y4m,640x480,6,44.52,0.990256,,1.0
coastguard_cif.y4m,640x480,7,44.52,0.990219,,1.0
coastguard_cif.y4m,640x480,8,44.49,0.990217,,1.0
coastguard_cif.y4m,640x480,9,44.49,0.99025,,1.0
coastguard_cif.y4m,640x480,10,44.48,0.990248,,1.0
coastguard_cif.y4m,640x480,11,44.49,0.990334,,1.0
coastguard_cif.y4m,640x480,12,44.49,0.990266,,1.0
coastguard_cif.y4m,640x480,13,44.49,0.990321,,1.0
coastguard_cif.y4m,640x480,14,44.5,0.99038,,1.0
coastguard_cif.y4m,640x480,15,44.49,0.990368,,1.0
coastguard_cif.y4m,640x480,16,44.48,0.990383,,1.0
coastguard_cif.y4m,640x480,17,44.5,0.990379,,1.0
coastguard_cif.y4m,640x480,18,44.48,0.99049,,1.0
coastguard_cif.y4m,640x480,19,44.49,0.990496,,1.0
coastguard_cif.y4m,640x480,20,44.48,0.990511,,1.0
coastguard_cif.y4m,640x480,21,44.5,0.990502,,1.0
coastguard_cif.y4m,640x480,22,44.5,0.990509,,1.0
coastguard_cif.y4m,640x480,23,44.5,0.99049,,1.0
coastguard_cif.y4m,640x480,24,44.48,0.990416,,1.0
coastguard_cif.y4m,640x480,25,44.48,0.990495,,1.0
coastguard_cif.y4m,640x480,26,44.48,0.990549,,1.0
coastguard_cif.y4m,640x480,27,44.48,0.990489,,1.0
coastguard_cif.y4m,640x480,28,44.46,0.990516,,1.0
coastguard_cif.y4m,640x480,29,44.46,0.990482,,1.0
coastguard_cif.y4m,640x480,30,44.44,0.990542,,1.0
coastguard_cif.y4m,1280x960,1,40.25,0.987123,41.55,0.995537
coastguard_cif.y4m,1280x960,2,46.03,0.991268,,1.0
coastguard_cif.y4m,1280x960,3,46.03,0.991294,,1.0
coastguard_cif.y4m,1280x960,4,46.03,0.991308,,1.0
coastguard_cif.y4m,1280x960,5,46.04,0.991258,,1.0
coastguard_cif.y4m,1280x960,6,46.03,0.991255,,1.0
coastguard_cif.y4m,1280x960,7,46.05,0.991308,,1.0
coastguard_cif.y4m,1280x960,8,46.03,0.991286,,1.0
coastguard_cif.y4m,1280x960,9,46.02,0.991313,,1.0
coastguard_cif.y4m,1280x960,10,46.01,0.99129,,1.0
coastguard_cif.y4m,1280x960,11,46.01,0.991309,,1.0
coastguard_cif.y4m,1280x960,12,46.02,0.991313,,1.0
coastguard_cif.y4m,1280x960,13,46.01,0.991359,,1.0
coastguard_cif.y4m,1280x960,14,46.0,0.99136,,1.0
coastguard_cif.y4m,1280x960,15,46.01,0.991394,,1.0
coastguard_cif.y4m,1280x960,16,46.01,0.991429,,1.0
coastguard_cif.y4m,1280x960,17,46.03,0.991424,,1.0
coastguard_cif.y4m,1280x960,18,45.99,0.991454,,1.0
coastguard_cif.y4m,1280x960,19,46.03,0.991501,,1.0
coastguard_cif.y4m,1280x960,20,46.02,0.991519,,1.0
coastguard_cif.y4m,1280x960,21,46.05,0.99151,,1.0
coastguard_cif.y4m,1280x960,22,46.01,0.991461,,1.0
coastguard_cif.y4m,1280x960,23,46.03,0.991488,,1.0
coastguard_cif.y4m,1280x960,24,46.02,0.991444,,1.0
coastguard_cif.y4m,1280x960,25,46.02,0.991488,,1.0
coastguard_cif.y4m,1280x960,26,46.02,0.991459,,1.0
coastguard_cif.y4m,1280x960,27,46.0,0.99148,,1.0
coastguard_cif.y4m,1280x960,28,46.0,0.991493,,1.0
coastguard_cif.y4m,1280x960,29,46.0,0.991501,,1.0
coastguard_cif.y4m,1280x960,30,45.97,0.991545,,1.0
container_cif.y4m,352x288,1,37.48,0.9528,38.55,0.965819
container_cif.y4m,352x288,2,43.84,0.984049,,1.0
container_cif.y4m,352x288,3,43.86,0.983931,,1.0
container_cif.y4m,352x288,4,43.84,0.983945,,1.0
container_cif.y4m,352x288,5,43.87,0.984005,,1.0
container_cif.y4m,352x288,6,43.88,0.984081,,1.0
container_cif.y4m,352x288,7,43.86,0.983961,,1.0
container_cif.y4m,352x288,8,43.85,0.984029,,1.0
container_cif.y4m,352x288,9,43.84,0.984015,,1.0
container_cif.y4m,352x288,10,43.84,0.984068,,1.0
container_cif.y4m,352x288,11,43.83,0.984013,,1.0
container_cif.y4m,352x288,12,43.85,0.983988,,1.0
container_cif.y4m,352x288,13,43.85,0.984184,,1.0
container_cif.y4m,352x288,14,43.83,0.984089,,1.0
container_cif.y4m,352x288,15,43.85,0.983966,,1.0
container_cif.y4m,352x288,16,43.84,0.984041,,1.0
container_cif.y4m,352x288,17,43.84,0.984093,,1.0
container_cif.y4m,352x288,18,43.83,0.984032,,1.0
container_cif.y4m,352x288,19,43.84,0.984042,,1.0
container_cif.y4m,352x288,20,43.85,0.984054,,1.0
container_cif.y4m,352x288,21,43.8,0.983913,,1.0
container_cif.y4m,352x288,22,43.85,0.984092,,1.0
container_cif.y4m,352x288,23,43.86,0.98416,,1.0
container_cif.y4m,352x288,24,43.83,0.98397,,1.0
container_cif.y4m,352x288,25,43.84,0.983975,,1.0
container_cif.y4m,352x288,26,43.86,0.984048,,1.0
container_cif.y4m,352x288,27,43.83,0.984118,,1.0
container_cif.y4m,352x288,28,43.82,0.984004,,1.0
container_cif.y4m,352x288,29,43.83,0.984087,,1.0
container_cif.y4m,352x288,30,43.83,0.984071,,1.0
container_cif.y4m,640x480,1,36.22,0.973982,36.8,0.985115
container_cif.y4m,640x480,2,45.3,0.987843,,1.0
container_cif.y4m,640x480,3,45.3,0.987775,,1.0
container_cif.y4m,640x480,4,45.3,0.987774,,1.0
container_cif.y4m,640x480,5,45.32,0.987838,,1.0
container_cif.y4m,640x480,6,45.32,0.987841,,1.0
container_cif.y4m,640x480,7,45.31,0.987876,,1.0
container_cif.y4m,640x480,8,45.31,0.987896,,1.0
container_cif.y4m,640x480,9,45.34,0.98791,,1.0
container_cif.y4m,640x480,10,45.32,0.987871,,1.0
container_cif.y4m,640x480,11,45.34,0.987988,,1.0
container_cif.y4m,640x480,12,45.3,0.987824,,1.0
container_cif.y4m,640x480,13,45.3,0.987863,,1.0
container_cif.y4m,640x480,14,45.29,0.987851,,1.0
container_cif.y4m,640x480,15,45.32,0.987911,,1.0
container_cif.y4m,640x480,16,45.32,0.987927,,1.0
container_cif.y4m,640x480,17,45.29,0.98787,,1.0
container_cif.y4m,640x480,18,45.3,0.987843,,1.0
container_cif.y4m,640x480,19,45.31,0.987924,,1.0
container_cif.y4m,640x480,20,45.31,0.987834,,1.0
container_cif.y4m,640x480,21,45.28,0.987794,,1.0
container_cif.y4m,640x480,22,45.31,0.987941,,1.0
container_cif.y4m,640x480,23,45.3,0.987837,,1.0
container_cif.y4m,640x480,24,45.32,0.987889,,1.0
container_cif.y4m,640x480,25,45.31,0.98787,,1.0
container_cif.y4m,640x480,26,45.29,0.987933,,1.0
container_cif.y4m,640x480,27,45.3,0.987896,,1.0
container_cif.y4m,640x480,28,45.28,0.987876,,1.0
container_cif.y4m,640x480,29,45.28,0.987879,,1.0
container_cif.y4m,640x480,30,45.28,0.987901,,1.0
container_cif.y4m,1280x960,1,40.83,0.985831,42.02,0.994525
container_cif.y4m,1280x960,2,46.93,0.990841,,1.0
container_cif.y4m,1280x960,3,46.92,0.99081,,1.0
container_cif.y4m,1280x960,4,46.93,0.990821,,1.0
container_cif.y4m,1280x960,5,46.93,0.99082,,1.0
container_cif.y4m,1280x960,6,46.94,0.990853,,1.0
container_cif.y4m,1280x960,7,46.92,0.990781,,1.0
container_cif.y4m,1280x960,8,46.94,0.990843,,1.0
container_cif.y4m,1280x960,9,46.94,0.990844,,1.0
container_cif.y4m,1280x960,10,46.92,0.990799,,1.0
container_cif.y4m,1280x960,11,46.92,0.990831,,1.0
container_cif.y4m,1280x960,12,46.93,0.990835,,1.0
container_cif.y4m,1280x960,13,46.93,0.990831,,1.0
container_cif.y4m,1280x960,14,46.91,0.990796,,1.0
container_cif.y4m,1280x960,15,46.91,0.990805,,1.0
container_cif.y4m,1280x960,16,46.91,0.990804,,1.0
container_cif.y4m,1280x960,17,46.91,0.990797,,1.0
container_cif.y4m,1280x960,18,46.92,0.990816,,1.0
container_cif.y4m,1280x960,19,46.91,0.990788,,1.0
container_cif.y4m,1280x960,20,46.9,0.990765,,1.0
container_cif.y4m,1280x960,21,46.89,0.990771,,1.0
container_cif.y4m,1280x960,22,46.92,0.990859,,1.0
container_cif.y4m,1280x960,23,46.9,0.990765,,1.0
container_cif.y4m,1280x960,24,46.93,0.990828,,1.0
container_cif.y4m,1280x960,25,46.92,0.990811,,1.0
container_cif.y4m,1280x960,26,46.91,0.990808,,1.0
container_cif.y4m,1280x960,27,46.92,0.990826,,1.0
container_cif.y4m,1280x960,28,46.92,0.990825,,1.0
container_cif.y4m,1280x960,29,46.91,0.990816,,1.0
container_cif.y4m,1280x960,30,46.91,0.99082,,1.0
deadline_cif.y4m,352x288,1,35.67,0.964626,36.31,0.973731
deadline_cif.y4m,352x288,2,44.06,0.988601,,1.0
deadline_cif.y4m,352x288,3,44.09,0.988676,,1.0
deadline_cif.y4m,352x288,4,44.09,0.98855,,1.0
deadline_cif.y4m,352x288,5,44.08,0.988664,,1.0
deadline_cif.y4m,352x288,6,44.03,0.988457,,1.0
deadline_cif.y4m,352x288,7,44.04,0.988525,,1.0
deadline_cif.y4m,352x288,8,44.09,0.988565,,1.0
deadline_cif.y4m,352x288,9,44.06,0.988417,,1.0
deadline_cif.y4m,352x288,10,44.06,0.988386,,1.0
deadline_cif.y4m,352x288,11,44.05,0.988394,,1.0
deadline_cif.y4m,352x288,12,44.07,0.988392,,1.0
deadline_cif.y4m,352x288,13,44.04,0.988329,,1.0
deadline_cif.y4m,352x288,14,44.02,0.988347,,1.0
deadline_cif.y4m,352x288,15,44.03,0.988293,,1.0
deadline_cif.y4m,352x288,16,44.0,0.988334,,1.0
deadline_cif.y4m,352x288,17,44.04,0.988395,,1.0
deadline_cif.y4m,352x288,18,44.02,0.988343,,1.0
deadline_cif.y4m,352x288,19,44.05,0.988353,,1.0
deadline_cif.y4m,352x288,20,44.05,0.98842,,1.0
deadline_cif.y4m,352x288,21,44.05,0.988345,,1.0
deadline_cif.y4m,352x288,22,44.05,0.988498,,1.0
deadline_cif.y4m,352x288,23,44.03,0.988494,,1.0
deadline_cif.y4m,352x288,24,44.04,0.988618,,1.0
deadline_cif.y4m,352x288,25,44.05,0.988564,,1.0
deadline_cif.y4m,352x288,26,44.05,0.988594,,1.0
deadline_cif.y4m,352x288,27,44.05,0.988595,,1.0
deadline_cif.y4m,352x288,28,44.06,0.988553,,1.0
deadline_cif.y4m,352x288,29,44.05,0.988621,,1.0
deadline_cif.y4m,352x288,30,44.03,0.988669,,1.0
deadline_cif.y4m,640x480,1,39.22,0.976537,40.38,0.985691
deadline_cif.y4m,640x480,2,45.42,0.98987,,1.0
deadline_cif.y4m,640x480,3,45.38,0.989827,,1.0
deadline_cif.y4m,640x480,4,45.39,0.989842,,1.0
deadline_cif.y4m,640x480,5,45.37,0.989776,,1.0
deadline_cif.y4m,640x480,6,45.36,0.98971,,1.0
deadline_cif.y4m,640x480,7,45.38,0.989695,,1.0
deadline_cif.y4m,640x480,8,45.41,0.989717,,1.0
deadline_cif.y4m,640x480,9,45.41,0.989677,,1.0
deadline_cif.y4m,640x480,10,45.42,0.989651,,1.0
deadline_cif.y4m,640x480,11,45.39,0.989658,,1.0
deadline_cif.y4m,640x480,12,45.37,0.989624,,1.0
deadline_cif.y4m,640x480,13,45.36,0.989619,,1.0
deadline_cif.y4m,640x480,14,45.38,0.989626,,1.0
deadline_cif.y4m,640x480,15,45.36,0.98966,,1.0
deadline_cif.y4m,640x480,16,45.34,0.98964,,1.0
deadline_cif.y4m,640x480,17,45.35,0.989587,,1.0
deadline_cif.y4m,640x480,18,45.38,0.989626,,1.0
deadline_cif.y4m,640x480,19,45.42,0.98962,,1.0
deadline_cif.y4m,640x480,20,45.41,0.989639,,1.0
deadline_cif.y4m,640x480,21,45.38,0.989649,,1.0
deadline_cif.y4m,640x480,22,45.35,0.989606,,1.0
deadline_cif.y4m,640x480,23,45.36,0.989663,,1.0
deadline_cif.y4m,640x480,24,45.37,0.98969,,1.0
deadline_cif.y4m,640x480,25,45.36,0.989691,,1.0
deadline_cif.y4m,640x480,26,45.36,0.989744,,1.0
deadline_cif.y4m,640x480,27,45.33,0.989686,,1.0
deadline_cif.y4m,640x480,28,45.34,0.989697,,1.0
deadline_cif.y4m,640x480,29,45.36,0.989724,,1.0
deadline_cif.y4m,640x480,30,45.34,0.98975,,1.0
deadline_cif.y4m,1280x960,1,41.99,0.986563,43.58,0.994567
deadline_cif.y4m,1280x960,2,47.0,0.991484,,1.0
deadline_cif.y4m,1280x960,3,46.99,0.991493,,1.0
deadline_cif.y4m,1280x960,4,46.98,0.991468,,1.0
deadline_cif.y4m,1280x960,5,46.96,0.99146,,1.0
deadline_cif.y4m,1280x960,6,46.96,0.991422,,1.0
deadline_cif.y4m,1280x960,7,46.98,0.991412,,1.0
deadline_cif.y4m,1280x960,8,47.01,0.991435,,1.0
deadline_cif.y4m,1280x960,9,47.01,0.991438,,1.0
deadline_cif.y4m,1280x960,10,47.02,0.991443,,1.0
deadline_cif.y4m,1280x960,11,47.01,0.991426,,1.0
deadline_cif.y4m,1280x960,12,46.98,0.9914,,1.0
deadline_cif.y4m,1280x960,13,46.97,0.991371,,1.0
deadline_cif.y4m,1280x960,14,46.95,0.991381,,1.0
deadline_cif.y4m,1280x960,15,46.94,0.991383,,1.0
deadline_cif.y4m,1280x960,16,46.94,0.991377,,1.0
deadline_cif.y4m,1280x960,17,46.92,0.991342,,1.0
deadline_cif.y4m,1280x960,18,46.98,0.991361,,1.0
deadline_cif.y4m,1280x960,19,47.01,0.991423,,1.0
deadline_cif.y4m,1280x960,20,47.02,0.991426,,1.0
deadline_cif.y4m,1280x960,21,46.98,0.991396,,1.0
deadline_cif.y4m,1280x960,22,46.98,0.991402,,1.0
deadline_cif.y4m,1280x960,23,46.95,0.991373,,1.0
deadline_cif.y4m,1280x960,24,46.95,0.991392,,1.0
deadline_cif.y4m,1280x960,25,46.96,0.991393,,1.0
deadline_cif.y4m,1280x960,26,46.96,0.991432,,1.0
deadline_cif.y4m,1280x960,27,46.94,0.991398,,1.0
deadline_cif.y4m,1280x960,28,46.96,0.991395,,1.0
deadline_cif.y4m,1280x960,29,46.95,0.99139,,1.0
deadline_cif.y4m,1280x960,30,46.95,0.991429,,1.0
football_cif.y4m,352x288,1,37.52,0.970482,38.87,0.981025
football_cif.y4m,352x288,2,43.18,0.988044,,1.0
football_cif.y4m,352x288,3,43.21,0.987994,,1.0
football_cif.y4m,352x288,4,43.24,0.987968,,1.0
football_cif.y4m,352x288,5,43.24,0.987998,,1.0
football_cif.y4m,352x288,6,43.24,0.988074,,1.0
football_cif.y4m,352x288,7,43.26,0.98814,,1.0
football_cif.y4m,352x288,8,43.24,0.988165,,1.0
football_cif.y4m,352x288,9,43.25,0.988199,,1.0
football_cif.y4m,352x288,10,43.29,0.988254,,1.0
football_cif.y4m,352x288,11,43.28,0.988237,,1.0
football_cif.y4m,352x288,12,43.3,0.988397,,1.0
football_cif.y4m,352x288,13,43.32,0.988197,,1.0
football_cif.y4m,352x288,14,43.31,0.988022,,1.0
football_cif.y4m,352x288,15,43.35,0.987825,,1.0
football_cif.y4m,352x288,16,43.61,0.987821,,1.0
football_cif.y4m,352x288,17,43.64,0.987823,,1.0
football_cif.y4m,352x288,18,43.48,0.987658,,1.0
football_cif.y4m,352x288,19,43.31,0.987676,,1.0
football_cif.y4m,352x288,20,43.27,0.987768,,1.0
football_cif.y4m,352x288,21,43.28,0.98769,,1.0
football_cif.y4m,352x288,22,43.33,0.987663,,1.0
football_cif.y4m,352x288,23,43.47,0.987642,,1.0
football_cif.y4m,352x288,24,43.55,0.987745,,1.0
football_cif.y4m,352x288,25,43.58,0.987603,,1.0
football_cif.y4m,352x288,26,43.72,0.987695,,1.0
football_cif.y4m,352x288,27,43.86,0.987946,,1.0
football_cif.y4m,352x288,28,43.91,0.987789,,1.0
football_cif.y4m,352x288,29,43.98,0.987649,,1.0
football_cif.y4m,352x288,30,44.03,0.987648,,1.0
football_cif.y4m,640x480,1,39.01,0.981176,40.47,0.991175
football_cif.y4m,640x480,2,44.48,0.989379,,1.0
football_cif.y4m,640x480,3,44.52,0.989302,,1.0
football_cif.y4m,640x480,4,44.56,0.989304,,1.0
football_cif.y4m,640x480,5,44.55,0.989326,,1.0
football_cif.y4m,640x480,6,44.55,0.989392,,1.0
football_cif.y4m,640x480,7,44.53,0.989407,,1.0
football_cif.y4m,640x480,8,44.52,0.989369,,1.0
football_cif.y4m,640x480,9,44.57,0.989437,,1.0
football_cif.y4m,640x480,10,44.57,0.989416,,1.0
football_cif.y4m,640x480,11,44.6,0.989461,,1.0
football_cif.y4m,640x480,12,44.61,0.989554,,1.0
football_cif.y4m,640x480,13,44.61,0.989354,,1.0
football_cif.y4m,640x480,14,44.64,0.98934,,1.0
football_cif.y4m,640x480,15,44.67,0.989264,,1.0
football_cif.y4m,640x480,16,44.93,0.989165,,1.0
football_cif.y4m,640x480,17,44.96,0.989147,,1.0
football_cif.y4m,640x480,18,44.84,0.989125,,1.0
football_cif.y4m,640x480,19,44.65,0.989189,,1.0
football_cif.y4m,640x480,20,44.59,0.989243,,1.0
football_cif.y4m,640x480,21,44.6,0.989177,,1.0
football_cif.y4m,640x480,22,44.69,0.989064,,1.0
football_cif.y4m,640x480,23,44.8,0.988999,,1.0
football_cif.y4m,640x480,24,44.9,0.989022,,1.0
football_cif.y4m,640x480,25,44.95,0.989026,,1.0
football_cif.y4m,640x480,26,45.09,0.98907,,1.0
football_cif.y4m,640x480,27,45.23,0.989135,,1.0
football_cif.y4m,640x480,28,45.31,0.989108,,1.0
football_cif.y4m,640x480,29,45.38,0.989049,,1.0
football_cif.y4m,640x480,30,45.43,0.988986,,1.0
football_cif.y4m,1280x960,1,41.88,0.987232,43.97,0.99641
football_cif.y4m,1280x960,2,46.0,0.990406,,1.0
football_cif.y4m,1280x960,3,46.03,0.990397,,1.0
football_cif.y4m,1280x960,4,46.07,0.990327,,1.0
football_cif.y4m,1280x960,5,46.08,0.990341,,1.0
football_cif.y4m,1280x960,6,46.05,0.990363,,1.0
football_cif.y4m,1280x960,7,46.07,0.990402,,1.0
football_cif.y4m,1280x960,8,46.06,0.990394,,1.0
football_cif.y4m,1280x960,9,46.1,0.99041,,1.0
football_cif.y4m,1280x960,10,46.13,0.990445,,1.0
football_cif.y4m,1280x960,11,46.12,0.990485,,1.0
football_cif.y4m,1280x960,12,46.15,0.990523,,1.0
football_cif.y4m,1280x960,13,46.17,0.990424,,1.0
football_cif.y4m,1280x960,14,46.19,0.990368,,1.0
football_cif.y4m,1280x960,15,46.23,0.990351,,1.0
football_cif.y4m,1280x960,16,46.55,0.990368,,1.0
football_cif.y4m,1280x960,17,46.59,0.990357,,1.0
football_cif.y4m,1280x960,18,46.45,0.99038,,1.0
football_cif.y4m,1280x960,19,46.23,0.990341,,1.0
football_cif.y4m,1280x960,20,46.14,0.990343,,1.0
football_cif.y4m,1280x960,21,46.18,0.990268,,1.0
football_cif.y4m,1280x960,22,46.26,0.990238,,1.0
football_cif.y4m,1280x960,23,46.44,0.99028,,1.0
football_cif.y4m,1280x960,24,46.52,0.990323,,1.0
football_cif.y4m,1280x960,25,46.59,0.990326,,1.0
football_cif.y4m,1280x960,26,46.71,0.990339,,1.0
football_cif.y4m,1280x960,27,46.84,0.990435,,1.0
football_cif.y4m,1280x960,28,46.95,0.990496,,1.0
football_cif.y4m,1280x960,29,47.01,0.990444,,1.0
football_cif.y4m,1280x960,30,47.06,0.990435,,1.0
foreman_cif.y4m,352x288,1,41.8,0.994378,42.1,0.99508
foreman_cif.y4m,352x288,2,54.02,0.999084,,1.0
foreman_cif.y4m,352x288,3,53.62,0.998971,,1.0
foreman_cif.y4m,352x288,4,53.56,0.999025,,1.0
foreman_cif.y4m,352x288,5,53.62,0.999026,,1.0
foreman_cif.y4m,352x288,6,54.11,0.999206,,1.0
foreman_cif.y4m,352x288,7,53.92,0.999191,,1.0
foreman_cif.y4m,352x288,8,54.03,0.99925,,1.0
foreman_cif.y4m,352x288,9,53.97,0.999155,,1.0
foreman_cif.y4m,352x288,10,54.04,0.999183,,1.0
foreman_cif.y4m,352x288,11,54.05,0.999156,,1.0
foreman_cif.y4m,352x288,12,53.83,0.999056,,1.0
foreman_cif.y4m,352x288,13,53.85,0.999072,,1.0
foreman_cif.y4m,352x288,14,53.69,0.999061,,1.0
foreman_cif.y4m,352x288,15,53.8,0.999098,,1.0
foreman_cif.y4m,352x288,16,54.14,0.999223,,1.0
foreman_cif.y4m,352x288,17,53.75,0.999125,,1.0
foreman_cif.y4m,352x288,18,54.0,0.999171,,1.0
foreman_cif.y4m,352x288,19,53.92,0.999197,,1.0
foreman_cif.y4m,352x288,20,53.81,0.999179,,1.0
foreman_cif.y4m,352x288,21,53.88,0.999057,,1.0
foreman_cif.y4m,352x288,22,53.56,0.998935,,1.0
foreman_cif.y4m,352x288,23,53.54,0.998917,,1.0
foreman_cif.y4m,352x288,24,53.72,0.998979,,1.0
foreman_cif.y4m,352x288,25,53.46,0.998982,,1.0
foreman_cif.y4m,352x288,26,53.47,0.998938,,1.0
foreman_cif.y4m,352x288,27,53.42,0.998959,,1.0
foreman_cif.y4m,352x288,28,53.22,0.998761,,1.0
foreman_cif.y4m,352x288,29,53.21,0.998781,,1.0
foreman_cif.y4m,352x288,30,53.47,0.998695,,1.0
foreman_cif.y4m,640x480,1,40.99,0.98872,41.3,0.990022
foreman_cif.y4m,640x480,2,52.38,0.99818,,1.0
foreman_cif.y4m,640x480,3,52.15,0.998085,,1.0
foreman_cif.y4m,640x480,4,52.17,0.998034,,1.0
foreman_cif.y4m,640x480,5,52.06,0.998019,,1.0
foreman_cif.y4m,640x480,6,52.18,0.998101,,1.0
foreman_cif.y4m,640x480,7,52.17,0.998168,,1.0
foreman_cif.y4m,640x480,8,52.29,0.998274,,1.0
foreman_cif.y4m,640x480,9,52.26,0.998175,,1.0
foreman_cif.y4m,640x480,10,52.32,0.998189,,1.0
foreman_cif.y4m,640x480,11,52.29,0.99815,,1.0
foreman_cif.y4m,640x480,12,52.22,0.998011,,1.0
foreman_cif.y4m,640x480,13,52.2,0.998075,,1.0
foreman_cif.y4m,640x480,14,52.2,0.998059,,1.0
foreman_cif.y4m,640x480,15,52.31,0.998083,,1.0
foreman_cif.y4m,640x480,16,52.3,0.998168,,1.0
foreman_cif.y4m,640x480,17,52.42,0.998257,,1.0
foreman_cif.y4m,640x480,18,52.34,0.998189,,1.0
foreman_cif.y4m,640x480,19,52.39,0.998217,,1.0
foreman_cif.y4m,640x480,20,52.34,0.998171,,1.0
foreman_cif.y4m,640x480,21,52.37,0.998104,,1.0
foreman_cif.y4m,640x480,22,52.24,0.99804,,1.0
foreman_cif.y4m,640x480,23,52.15,0.998035,,1.0
foreman_cif.y4m,640x480,24,52.02,0.997967,,1.0
foreman_cif.y4m,640x480,25,52.09,0.997986,,1.0
foreman_cif.y4m,640x480,26,51.94,0.997837,,1.0
foreman_cif.y4m,640x480,27,51.97,0.997872,,1.0
foreman_cif.y4m,640x480,28,51.83,0.997814,,1.0
foreman_cif.y4m,640x480,29,51.89,0.997864,,1.0
foreman_cif.y4m,640x480,30,52.06,0.997994,,1.0
foreman_cif.y4m,1280x960,1,39.88,0.992937,40.04,0.99421
foreman_cif.y4m,1280x960,2,54.17,0.998426,,1.0
foreman_cif.y4m,1280x960,3,53.96,0.998396,,1.0
foreman_cif.y4m,1280x960,4,53.92,0.99832,,1.0
foreman_cif.y4m,1280x960,5,53.79,0.998313,,1.0
foreman_cif.y4m,1280x960,6,53.79,0.998315,,1.0
foreman_cif.y4m,1280x960,7,53.87,0.998375,,1.0
foreman_cif.y4m,1280x960,8,53.91,0.99841,,1.0
foreman_cif.y4m,1280x960,9,53.96,0.998414,,1.0
foreman_cif.y4m,1280x960,10,54.01,0.998405,,1.0
foreman_cif.y4m,1280x960,11,54.01,0.998399,,1.0
foreman_cif.y4m,1280x960,12,53.95,0.998314,,1.0
foreman_cif.y4m,1280x960,13,53.9,0.998292,,1.0
foreman_cif.y4m,1280x960,14,53.9,0.998275,,1.0
foreman_cif.y4m,1280x960,15,53.89,0.998306,,1.0
foreman_cif.y4m,1280x960,16,53.93,0.998334,,1.0
foreman_cif.y4m,1280x960,17,53.98,0.998376,,1.0
foreman_cif.y4m,1280x960,18,53.99,0.99837,,1.0
foreman_cif.y4m,1280x960,19,53.98,0.998374,,1.0
foreman_cif.y4m,1280x960,20,53.98,0.998372,,1.0
foreman_cif.y4m,1280x960,21,53.98,0.998343,,1.0
foreman_cif.y4m,1280x960,22,53.92,0.998298,,1.0
foreman_cif.y4m,1280x960,23,53.85,0.998305,,1.0
foreman_cif.y4m,1280x960,24,53.75,0.99824,,1.0
foreman_cif.y4m,1280x960,25,53.71,0.998183,,1.0
foreman_cif.y4m,1280x960,26,53.66,0.998143,,1.0
foreman_cif.y4m,1280x960,27,53.63,0.998151,,1.0
foreman_cif.y4m,1280x960,28,53.63,0.998144,,1.0
foreman_cif.y4m,1280x960,29,53.69,0.998203,,1.0
foreman_cif.y4m,1280x960,30,53.82,0.99824,,1.0
foreman_cif_300f.y4m,352x288,1,43.07,0.996039,43.43,0.996723
foreman_cif_300f.y4m,352x288,2,54.02,0.999084,,1.0
foreman_cif_300f.y4m,352x288,3,53.62,0.998971,,1.0
foreman_cif_300f.y4m,352x288,4,53.56,0.999025,,1.0
foreman_cif_300f.y4m,352x288,5,53.62,0.999026,,1.0
foreman_cif_300f.y4m,352x288,6,54.11,0.999206,,1.0
foreman_cif_300f.y4m,352x288,7,53.92,0.999191,,1.0
foreman_cif_300f.y4m,352x288,8,54.03,0.99925,,1.0
foreman_cif_300f.y4m,352x288,9,53.97,0.999155,,1.0
foreman_cif_300f.y4m,352x288,10,54.04,0.999183,,1.0
foreman_cif_300f.y4m,352x288,11,54.05,0.999156,,1.0
foreman_cif_300f.y4m,352x288,12,53.83,0.999056,,1.0
foreman_cif_300f.y4m,352x288,13,53.85,0.999072,,1.0
foreman_cif_300f.y4m,352x288,14,53.69,0.999061,,1.0
foreman_cif_300f.y4m,352x288,15,53.8,0.999098,,1.0
foreman_cif_300f.y4m,352x288,16,54.14,0.999223,,1.0
foreman_cif_300f.y4m,352x288,17,53.75,0.999125,,1.0
foreman_cif_300f.y4m,352x288,18,54.0,0.999171,,1.0
foreman_cif_300f.y4m,352x288,19,53.92,0.999197,,1.0
foreman_cif_300f.y4m,352x288,20,53.81,0.999179,,1.0
foreman_cif_300f.y4m,352x288,21,53.88,0.999057,,1.0
foreman_cif_300f.y4m,352x288,22,53.56,0.998935,,1.0
foreman_cif_300f.y4m,352x288,23,53.54,0.998917,,1.0
foreman_cif_300f.y4m,352x288,24,53.72,0.998979,,1.0
foreman_cif_300f.y4m,352x288,25,53.46,0.998982,,1.0
foreman_cif_300f.y4m,352x288,26,53.47,0.998938,,1.0
foreman_cif_300f.y4m,352x288,27,53.42,0.998959,,1.0
foreman_cif_300f.y4m,352x288,28,53.22,0.998761,,1.0
foreman_cif_300f.y4m,352x288,29,53.21,0.998781,,1.0
foreman_cif_300f.y4m,352x288,30,53.47,0.998695,,1.0
foreman_cif_300f.y4m,640x480,1,39.18,0.988477,39.42,0.989822
foreman_cif_300f.y4m,640x480,2,52.38,0.99818,,1.0
foreman_cif_300f.y4m,640x480,3,52.15,0.998085,,1.0
foreman_cif_300f.y4m,640x480,4,52.17,0.998034,,1.0
foreman_cif_300f.y4m,640x480,5,52.06,0.998019,,1.0
foreman_cif_300f.y4m,640x480,6,52.18,0.998101,,1.0
foreman_cif_300f.y4m,640x480,7,52.17,0.998168,,1.0
foreman_cif_300f.y4m,640x480,8,52.29,0.998274,,1.0
foreman_cif_300f.y4m,640x480,9,52.26,0.998175,,1.0
foreman_cif_300f.y4m,640x480,10,52.32,0.998189,,1.0
foreman_cif_300f.y4m,640x480,11,52.29,0.99815,,1.0
foreman_cif_300f.y4m,640x480,12,52.22,0.998011,,1.0
foreman_cif_300f.y4m,640x480,13,52.2,0.998075,,1.0
foreman_cif_300f.y4m,640x480,14,52.2,0.998059,,1.0
foreman_cif_300f.y4m,640x480,15,52.31,0.998083,,1.0
foreman_cif_300f.y4m,640x480,16,52.3,0.998168,,1.0
foreman_cif_300f.y4m,640x480,17,52.42,0.998257,,1.0
foreman_cif_300f.y4m,640x480,18,52.34,0.998189,,1.0
foreman_cif_300f.y4m,640x480,19,52.39,0.998217,,1.0
foreman_cif_300f.y4m,640x480,20,52.34,0.998171,,1.0
foreman_cif_300f.y4m,640x480,21,52.37,0.998104,,1.0
foreman_cif_300f.y4m,640x480,22,52.24,0.99804,,1.0
foreman_cif_300f.y4m,640x480,23,52.15,0.998035,,1.0
foreman_cif_300f.y4m,640x480,24,52.02,0.997967,,1.0
foreman_cif_300f.y4m,640x480,25,52.09,0.997986,,1.0
foreman_cif_300f.y4m,640x480,26,51.94,0.997837,,1.0
foreman_cif_300f.y4m,640x480,27,51.97,0.997872,,1.0
foreman_cif_300f.y4m,640x480,28,51.83,0.997814,,1.0
foreman_cif_300f.y4m,640x480,29,51.89,0.997864,,1.0
foreman_cif_300f.y4m,640x480,30,52.06,0.997994,,1.0
foreman_cif_300f.y4m,1280x960,1,39.77,0.992828,39.9,0.994037
foreman_cif_300f.y4m,1280x960,2,54.17,0.998426,,1.0
foreman_cif_300f.y4m,1280x960,3,53.96,0.998396,,1.0
foreman_cif_300f.y4m,1280x960,4,53.92,0.99832,,1.0
foreman_cif_300f.y4m,1280x960,5,53.79,0.998313,,1.0
foreman_cif_300f.y4m,1280x960,6,53.79,0.998315,,1.0
foreman_cif_300f.y4m,1280x960,7,53.87,0.998375,,1.0
foreman_cif_300f.y4m,1280x960,8,53.91,0.99841,,1.0
foreman_cif_300f.y4m,1280x960,9,53.96,0.998414,,1.0
foreman_cif_300f.y4m,1280x960,10,54.01,0.998405,,1.0
foreman_cif_300f.y4m,1280x960,11,54.01,0.998399,,1.0
foreman_cif_300f.y4m,1280x960,12,53.95,0.998314,,1.0
foreman_cif_300f.y4m,1280x960,13,53.9,0.998292,,1.0
foreman_cif_300f.y4m,1280x960,14,53.9,0.998275,,1.0
foreman_cif_300f.y4m,1280x960,15,53.89,0.998306,,1.0
foreman_cif_300f.y4m,1280x960,16,53.93,0.998334,,1.0
foreman_cif_300f.y4m,1280x960,17,53.98,0.998376,,1.0
foreman_cif_300f.y4m,1280x960,18,53.99,0.99837,,1.0
foreman_cif_300f.y4m,1280x960,19,53.98,0.998374,,1.0
foreman_cif_300f.y4m,1280x960,20,53.98,0.998372,,1.0
foreman_cif_300f.y4m,1280x960,21,53.98,0.998343,,1.0
foreman_cif_300f.y4m,1280x960,22,53.92,0.998298,,1.0
foreman_cif_300f.y4m,1280x960,23,53.85,0.998305,,1.0
foreman_cif_300f.y4m,1280x960,24,53.75,0.99824,,1.0
foreman_cif_300f.y4m,1280x960,25,53.71,0.998183,,1.0
foreman_cif_300f.y4m,1280x960,26,53.66,0.998143,,1.0
foreman_cif_300f.y4m,1280x960,27,53.63,0.998151,,1.0
foreman_cif_300f.y4m,1280x960,28,53.63,0.998144,,1.0
foreman_cif_300f.y4m,1280x960,29,53.69,0.998203,,1.0
foreman_cif_300f.y4m,1280x960,30,53.82,0.99824,,1.0
hall_monitor_cif.y4m,352x288,1,35.51,0.945736,36.02,0.961932
hall_monitor_cif.y4m,352x288,2,44.17,0.979696,,1.0
hall_monitor_cif.y4m,352x288,3,44.17,0.979649,,1.0
hall_monitor_cif.y4m,352x288,4,44.16,0.979574,,1.0
hall_monitor_cif.y4m,352x288,5,44.17,0.979924,,1.0
hall_monitor_cif.y4m,352x288,6,44.19,0.979752,,1.0
hall_monitor_cif.y4m,352x288,7,44.15,0.979533,,1.0
hall_monitor_cif.y4m,352x288,8,44.14,0.979691,,1.0
hall_monitor_cif.y4m,352x288,9,44.16,0.979751,,1.0
hall_monitor_cif.y4m,352x288,10,44.17,0.97951,,1.0
hall_monitor_cif.y4m,352x288,11,44.2,0.979905,,1.0
hall_monitor_cif.y4m,352x288,12,44.17,0.979958,,1.0
hall_monitor_cif.y4m,352x288,13,44.16,0.979862,,1.0
hall_monitor_cif.y4m,352x288,14,44.15,0.979819,,1.0
hall_monitor_cif.y4m,352x288,15,44.14,0.979841,,1.0
hall_monitor_cif.y4m,352x288,16,44.15,0.979869,,1.0
hall_monitor_cif.y4m,352x288,17,44.14,0.97996,,1.0
hall_monitor_cif.y4m,352x288,18,44.14,0.979663,,1.0
hall_monitor_cif.y4m,352x288,19,44.14,0.980089,,1.0
hall_monitor_cif.y4m,352x288,20,44.15,0.980134,,1.0
hall_monitor_cif.y4m,352x288,21,44.14,0.980264,,1.0
hall_monitor_cif.y4m,352x288,22,44.11,0.979931,,1.0
hall_monitor_cif.y4m,352x288,23,44.15,0.980293,,1.0
hall_monitor_cif.y4m,352x288,24,44.11,0.979989,,1.0
hall_monitor_cif.y4m,352x288,25,44.14,0.979917,,1.0
hall_monitor_cif.y4m,352x288,26,44.14,0.980013,,1.0
hall_monitor_cif.y4m,352x288,27,44.1,0.980034,,1.0
hall_monitor_cif.y4m,352x288,28,44.15,0.980307,,1.0
hall_monitor_cif.y4m,352x288,29,44.1,0.979975,,1.0
hall_monitor_cif.y4m,352x288,30,44.17,0.980188,,1.0
hall_monitor_cif.y4m,640x480,1,40.29,0.970475,41.69,0.984258
hall_monitor_cif.y4m,640x480,2,45.76,0.984734,,1.0
hall_monitor_cif.y4m,640x480,3,45.76,0.984744,,1.0
hall_monitor_cif.y4m,640x480,4,45.77,0.984754,,1.0
hall_monitor_cif.y4m,640x480,5,45.75,0.984924,,1.0
hall_monitor_cif.y4m,640x480,6,45.76,0.984744,,1.0
hall_monitor_cif.y4m,640x480,7,45.74,0.984624,,1.0
hall_monitor_cif.y4m,640x480,8,45.76,0.9847,,1.0
hall_monitor_cif.y4m,640x480,9,45.76,0.98481,,1.0
hall_monitor_cif.y4m,640x480,10,45.76,0.984635,,1.0
hall_monitor_cif.y4m,640x480,11,45.77,0.98478,,1.0
hall_monitor_cif.y4m,640x480,12,45.78,0.984899,,1.0
hall_monitor_cif.y4m,640x480,13,45.73,0.984731,,1.0
hall_monitor_cif.y4m,640x480,14,45.75,0.984811,,1.0
hall_monitor_cif.y4m,640x480,15,45.77,0.984844,,1.0
hall_monitor_cif.y4m,640x480,16,45.74,0.984812,,1.0
hall_monitor_cif.y4m,640x480,17,45.75,0.984908,,1.0
hall_monitor_cif.y4m,640x480,18,45.72,0.984703,,1.0
hall_monitor_cif.y4m,640x480,19,45.72,0.985029,,1.0
hall_monitor_cif.y4m,640x480,20,45.72,0.985004,,1.0
hall_monitor_cif.y4m,640x480,21,45.71,0.985012,,1.0
hall_monitor_cif.y4m,640x480,22,45.72,0.984895,,1.0
hall_monitor_cif.y4m,640x480,23,45.71,0.984974,,1.0
hall_monitor_cif.y4m,640x480,24,45.72,0.984874,,1.0
hall_monitor_cif.y4m,640x480,25,45.7,0.984806,,1.0
hall_monitor_cif.y4m,640x480,26,45.71,0.984913,,1.0
hall_monitor_cif.y4m,640x480,27,45.71,0.984826,,1.0
hall_monitor_cif.y4m,640x480,28,45.69,0.984864,,1.0
hall_monitor_cif.y4m,640x480,29,45.71,0.984896,,1.0
hall_monitor_cif.y4m,640x480,30,45.73,0.98494,,1.0
hall_monitor_cif.y4m,1280x960,1,32.65,0.982073,32.76,0.99199
hall_monitor_cif.y4m,1280x960,2,47.58,0.989275,,1.0
hall_monitor_cif.y4m,1280x960,3,47.59,0.989272,,1.0
hall_monitor_cif.y4m,1280x960,4,47.6,0.989283,,1.0
hall_monitor_cif.y4m,1280x960,5,47.6,0.989388,,1.0
hall_monitor_cif.y4m,1280x960,6,47.59,0.989258,,1.0
hall_monitor_cif.y4m,1280x960,7,47.57,0.989238,,1.0
hall_monitor_cif.y4m,1280x960,8,47.58,0.989254,,1.0
hall_monitor_cif.y4m,1280x960,9,47.61,0.989305,,1.0
hall_monitor_cif.y4m,1280x960,10,47.59,0.989207,,1.0
hall_monitor_cif.y4m,1280x960,11,47.6,0.989302,,1.0
hall_monitor_cif.y4m,1280x960,12,47.59,0.98933,,1.0
hall_monitor_cif.y4m,1280x960,13,47.57,0.989256,,1.0
hall_monitor_cif.y4m,1280x960,14,47.58,0.989308,,1.0
hall_monitor_cif.y4m,1280x960,15,47.58,0.989247,,1.0
hall_monitor_cif.y4m,1280x960,16,47.56,0.989293,,1.0
hall_monitor_cif.y4m,1280x960,17,47.54,0.989303,,1.0
hall_monitor_cif.y4m,1280x960,18,47.55,0.989232,,1.0
hall_monitor_cif.y4m,1280x960,19,47.55,0.989367,,1.0
hall_monitor_cif.y4m,1280x960,20,47.54,0.989338,,1.0
hall_monitor_cif.y4m,1280x960,21,47.52,0.989336,,1.0
hall_monitor_cif.y4m,1280x960,22,47.53,0.989266,,1.0
hall_monitor_cif.y4m,1280x960,23,47.51,0.989306,,1.0
hall_monitor_cif.y4m,1280x960,24,47.52,0.989272,,1.0
hall_monitor_cif.y4m,1280x960,25,47.53,0.989228,,1.0
hall_monitor_cif.y4m,1280x960,26,47.52,0.989232,,1.0
hall_monitor_cif.y4m,1280x960,27,47.53,0.98926,,1.0
hall_monitor_cif.y4m,1280x960,28,47.52,0.989263,,1.0
hall_monitor_cif.y4m,1280x960,29,47.53,0.989307,,1.0
hall_monitor_cif.y4m,1280x960,30,47.54,0.989321,,1.0
